Year,m,d,Time,Time zone,Snow depth (cm)
2022,10,1,00:00,UTC,0
2022,10,1,01:00,UTC,0
2022,10,1,02:00,UTC,0
2022,10,1,03:00,UTC,0
2022,10,1,04:00,UTC,0
2022,10,1,05:00,UTC,0
2022,10,1,06:00,UTC,0
2022,10,1,07:00,UTC,0
2022,10,1,08:00,UTC,0
2022,10,1,09:00,UTC,0
2022,10,1,10:00,UTC,0
2022,10,1,11:00,UTC,0
2022,10,1,12:00,UTC,0
2022,10,1,13:00,UTC,0
2022,10,1,14:00,UTC,0
2022,10,1,15:00,UTC,0
2022,10,1,16:00,UTC,0
2022,10,1,17:00,UTC,0
2022,10,1,18:00,UTC,0
2022,10,1,19:00,UTC,0
2022,10,1,20:00,UTC,0
2022,10,1,21:00,UTC,0
2022,10,1,22:00,UTC,0
2022,10,1,23:00,UTC,0
2022,10,2,00:00,UTC,0
2022,10,2,01:00,UTC,0
2022,10,2,02:00,UTC,0
2022,10,2,03:00,UTC,0
2022,10,2,04:00,UTC,0
2022,10,2,05:00,UTC,0
2022,10,2,06:00,UTC,0
2022,10,2,07:00,UTC,0
2022,10,2,08:00,UTC,0
2022,10,2,09:00,UTC,0
2022,10,2,10:00,UTC,0
2022,10,2,11:00,UTC,0
2022,10,2,12:00,UTC,0
2022,10,2,13:00,UTC,0
2022,10,2,14:00,UTC,0
2022,10,2,15:00,UTC,0
2022,10,2,16:00,UTC,0
2022,10,2,17:00,UTC,0
2022,10,2,18:00,UTC,0
2022,10,2,19:00,UTC,0
2022,10,2,20:00,UTC,0
2022,10,2,21:00,UTC,0
2022,10,2,22:00,UTC,0
2022,10,2,23:00,UTC,0
2022,10,3,00:00,UTC,0
2022,10,3,01:00,UTC,0
2022,10,3,02:00,UTC,0
2022,10,3,03:00,UTC,0
2022,10,3,04:00,UTC,0
2022,10,3,05:00,UTC,0
2022,10,3,06:00,UTC,0
2022,10,3,07:00,UTC,0
2022,10,3,08:00,UTC,0
2022,10,3,09:00,UTC,0
2022,10,3,10:00,UTC,0
2022,10,3,11:00,UTC,0
2022,10,3,12:00,UTC,0
2022,10,3,13:00,UTC,0
2022,10,3,14:00,UTC,0
2022,10,3,15:00,UTC,0
2022,10,3,16:00,UTC,0
2022,10,3,17:00,UTC,0
2022,10,3,18:00,UTC,0
2022,10,3,19:00,UTC,0
2022,10,3,20:00,UTC,0
2022,10,3,21:00,UTC,0
2022,10,3,22:00,UTC,0
2022,10,3,23:00,UTC,0
2022,10,4,00:00,UTC,0
2022,10,4,01:00,UTC,0
2022,10,4,02:00,UTC,0
2022,10,4,03:00,UTC,0
2022,10,4,04:00,UTC,0
2022,10,4,05:00,UTC,0
2022,10,4,06:00,UTC,0
2022,10,4,07:00,UTC,0
2022,10,4,08:00,UTC,0
2022,10,4,09:00,UTC,0
2022,10,4,10:00,UTC,0
2022,10,4,11:00,UTC,0
2022,10,4,12:00,UTC,0
2022,10,4,13:00,UTC,0
2022,10,4,14:00,UTC,0
2022,10,4,15:00,UTC,0
2022,10,4,16:00,UTC,0
2022,10,4,17:00,UTC,0
2022,10,4,18:00,UTC,0
2022,10,4,19:00,UTC,0
2022,10,4,20:00,UTC,0
2022,10,4,21:00,UTC,0
2022,10,4,22:00,UTC,0
2022,10,4,23:00,UTC,0
2022,10,5,00:00,UTC,0
2022,10,5,01:00,UTC,0
2022,10,5,02:00,UTC,0
2022,10,5,03:00,UTC,0
2022,10,5,04:00,UTC,0
2022,10,5,05:00,UTC,0
2022,10,5,06:00,UTC,0
2022,10,5,07:00,UTC,0
2022,10,5,08:00,UTC,0
2022,10,5,09:00,UTC,0
2022,10,5,10:00,UTC,0
2022,10,5,11:00,UTC,0
2022,10,5,12:00,UTC,0
2022,10,5,13:00,UTC,0
2022,10,5,14:00,UTC,0
2022,10,5,15:00,UTC,0
2022,10,5,16:00,UTC,0
2022,10,5,17:00,UTC,0
2022,10,5,18:00,UTC,0
2022,10,5,19:00,UTC,0
2022,10,5,20:00,UTC,0
2022,10,5,21:00,UTC,0
2022,10,5,22:00,UTC,0
2022,10,5,23:00,UTC,0
2022,10,6,00:00,UTC,0
2022,10,6,01:00,UTC,0
2022,10,6,02:00,UTC,0
2022,10,6,03:00,UTC,0
2022,10,6,04:00,UTC,0
2022,10,6,05:00,UTC,0
2022,10,6,06:00,UTC,0
2022,10,6,07:00,UTC,0
2022,10,6,08:00,UTC,0
2022,10,6,09:00,UTC,0
2022,10,6,10:00,UTC,0
2022,10,6,11:00,UTC,0
2022,10,6,12:00,UTC,0
2022,10,6,13:00,UTC,0
2022,10,6,14:00,UTC,0
2022,10,6,15:00,UTC,0
2022,10,6,16:00,UTC,0
2022,10,6,17:00,UTC,0
2022,10,6,18:00,UTC,0
2022,10,6,19:00,UTC,0
2022,10,6,20:00,UTC,0
2022,10,6,21:00,UTC,0
2022,10,6,22:00,UTC,0
2022,10,6,23:00,UTC,0
2022,10,7,00:00,UTC,0
2022,10,7,01:00,UTC,0
2022,10,7,02:00,UTC,0
2022,10,7,03:00,UTC,0
2022,10,7,04:00,UTC,0
2022,10,7,05:00,UTC,0
2022,10,7,06:00,UTC,0
2022,10,7,07:00,UTC,0
2022,10,7,08:00,UTC,0
2022,10,7,09:00,UTC,0
2022,10,7,10:00,UTC,0
2022,10,7,11:00,UTC,0
2022,10,7,12:00,UTC,0
2022,10,7,13:00,UTC,0
2022,10,7,14:00,UTC,0
2022,10,7,15:00,UTC,0
2022,10,7,16:00,UTC,0
2022,10,7,17:00,UTC,0
2022,10,7,18:00,UTC,0
2022,10,7,19:00,UTC,0
2022,10,7,20:00,UTC,0
2022,10,7,21:00,UTC,0
2022,10,7,22:00,UTC,0
2022,10,7,23:00,UTC,0
2022,10,8,00:00,UTC,0
2022,10,8,01:00,UTC,0
2022,10,8,02:00,UTC,0
2022,10,8,03:00,UTC,0
2022,10,8,04:00,UTC,0
2022,10,8,05:00,UTC,0
2022,10,8,06:00,UTC,0
2022,10,8,07:00,UTC,0
2022,10,8,08:00,UTC,0
2022,10,8,09:00,UTC,0
2022,10,8,10:00,UTC,0
2022,10,8,11:00,UTC,0
2022,10,8,12:00,UTC,0
2022,10,8,13:00,UTC,0
2022,10,8,14:00,UTC,0
2022,10,8,15:00,UTC,0
2022,10,8,16:00,UTC,0
2022,10,8,17:00,UTC,0
2022,10,8,18:00,UTC,0
2022,10,8,19:00,UTC,0
2022,10,8,20:00,UTC,0
2022,10,8,21:00,UTC,0
2022,10,8,22:00,UTC,0
2022,10,8,23:00,UTC,0
2022,10,9,00:00,UTC,0
2022,10,9,01:00,UTC,0
2022,10,9,02:00,UTC,0
2022,10,9,03:00,UTC,0
2022,10,9,04:00,UTC,0
2022,10,9,05:00,UTC,0
2022,10,9,06:00,UTC,0
2022,10,9,07:00,UTC,0
2022,10,9,08:00,UTC,0
2022,10,9,09:00,UTC,0
2022,10,9,10:00,UTC,0
2022,10,9,11:00,UTC,0
2022,10,9,12:00,UTC,0
2022,10,9,13:00,UTC,0
2022,10,9,14:00,UTC,0
2022,10,9,15:00,UTC,0
2022,10,9,16:00,UTC,0
2022,10,9,17:00,UTC,0
2022,10,9,18:00,UTC,0
2022,10,9,19:00,UTC,0
2022,10,9,20:00,UTC,0
2022,10,9,21:00,UTC,0
2022,10,9,22:00,UTC,0
2022,10,9,23:00,UTC,0
2022,10,10,00:00,UTC,0
2022,10,10,01:00,UTC,0
2022,10,10,02:00,UTC,0
2022,10,10,03:00,UTC,0
2022,10,10,04:00,UTC,0
2022,10,10,05:00,UTC,0
2022,10,10,06:00,UTC,0
2022,10,10,07:00,UTC,0
2022,10,10,08:00,UTC,0
2022,10,10,09:00,UTC,0
2022,10,10,10:00,UTC,0
2022,10,10,11:00,UTC,0
2022,10,10,12:00,UTC,0
2022,10,10,13:00,UTC,0
2022,10,10,14:00,UTC,0
2022,10,10,15:00,UTC,0
2022,10,10,16:00,UTC,0
2022,10,10,17:00,UTC,0
2022,10,10,18:00,UTC,0
2022,10,10,19:00,UTC,0
2022,10,10,20:00,UTC,0
2022,10,10,21:00,UTC,0
2022,10,10,22:00,UTC,0
2022,10,10,23:00,UTC,0
2022,10,11,00:00,UTC,0
2022,10,11,01:00,UTC,0
2022,10,11,02:00,UTC,0
2022,10,11,03:00,UTC,0
2022,10,11,04:00,UTC,0
2022,10,11,05:00,UTC,0
2022,10,11,06:00,UTC,0
2022,10,11,07:00,UTC,0
2022,10,11,08:00,UTC,0
2022,10,11,09:00,UTC,0
2022,10,11,10:00,UTC,0
2022,10,11,11:00,UTC,0
2022,10,11,12:00,UTC,0
2022,10,11,13:00,UTC,0
2022,10,11,14:00,UTC,0
2022,10,11,15:00,UTC,0
2022,10,11,16:00,UTC,0
2022,10,11,17:00,UTC,0
2022,10,11,18:00,UTC,0
2022,10,11,19:00,UTC,0
2022,10,11,20:00,UTC,0
2022,10,11,21:00,UTC,0
2022,10,11,22:00,UTC,0
2022,10,11,23:00,UTC,0
2022,10,12,00:00,UTC,0
2022,10,12,01:00,UTC,0
2022,10,12,02:00,UTC,0
2022,10,12,03:00,UTC,0
2022,10,12,04:00,UTC,0
2022,10,12,05:00,UTC,0
2022,10,12,06:00,UTC,0
2022,10,12,07:00,UTC,0
2022,10,12,08:00,UTC,0
2022,10,12,09:00,UTC,0
2022,10,12,10:00,UTC,0
2022,10,12,11:00,UTC,0
2022,10,12,12:00,UTC,0
2022,10,12,13:00,UTC,0
2022,10,12,14:00,UTC,0
2022,10,12,15:00,UTC,0
2022,10,12,16:00,UTC,0
2022,10,12,17:00,UTC,0
2022,10,12,18:00,UTC,0
2022,10,12,19:00,UTC,0
2022,10,12,20:00,UTC,0
2022,10,12,21:00,UTC,0
2022,10,12,22:00,UTC,0
2022,10,12,23:00,UTC,0
2022,10,13,00:00,UTC,0
2022,10,13,01:00,UTC,0
2022,10,13,02:00,UTC,0
2022,10,13,03:00,UTC,0
2022,10,13,04:00,UTC,0
2022,10,13,05:00,UTC,0
2022,10,13,06:00,UTC,0
2022,10,13,07:00,UTC,0
2022,10,13,08:00,UTC,0
2022,10,13,09:00,UTC,0
2022,10,13,10:00,UTC,0
2022,10,13,11:00,UTC,0
2022,10,13,12:00,UTC,0
2022,10,13,13:00,UTC,0
2022,10,13,14:00,UTC,0
2022,10,13,15:00,UTC,0
2022,10,13,16:00,UTC,0
2022,10,13,17:00,UTC,0
2022,10,13,18:00,UTC,0
2022,10,13,19:00,UTC,0
2022,10,13,20:00,UTC,0
2022,10,13,21:00,UTC,0
2022,10,13,22:00,UTC,0
2022,10,13,23:00,UTC,0
2022,10,14,00:00,UTC,0
2022,10,14,01:00,UTC,0
2022,10,14,02:00,UTC,0
2022,10,14,03:00,UTC,0
2022,10,14,04:00,UTC,0
2022,10,14,05:00,UTC,0
2022,10,14,06:00,UTC,0
2022,10,14,07:00,UTC,0
2022,10,14,08:00,UTC,0
2022,10,14,09:00,UTC,0
2022,10,14,10:00,UTC,0
2022,10,14,11:00,UTC,0
2022,10,14,12:00,UTC,0
2022,10,14,13:00,UTC,0
2022,10,14,14:00,UTC,0
2022,10,14,15:00,UTC,0
2022,10,14,16:00,UTC,0
2022,10,14,17:00,UTC,0
2022,10,14,18:00,UTC,0
2022,10,14,19:00,UTC,0
2022,10,14,20:00,UTC,0
2022,10,14,21:00,UTC,0
2022,10,14,22:00,UTC,0
2022,10,14,23:00,UTC,0
2022,10,15,00:00,UTC,0
2022,10,15,01:00,UTC,0
2022,10,15,02:00,UTC,0
2022,10,15,03:00,UTC,0
2022,10,15,04:00,UTC,0
2022,10,15,05:00,UTC,0
2022,10,15,06:00,UTC,0
2022,10,15,07:00,UTC,0
2022,10,15,08:00,UTC,0
2022,10,15,09:00,UTC,0
2022,10,15,10:00,UTC,0
2022,10,15,11:00,UTC,0
2022,10,15,12:00,UTC,0
2022,10,15,13:00,UTC,0
2022,10,15,14:00,UTC,0
2022,10,15,15:00,UTC,0
2022,10,15,16:00,UTC,0
2022,10,15,17:00,UTC,0
2022,10,15,18:00,UTC,0
2022,10,15,19:00,UTC,0
2022,10,15,20:00,UTC,0
2022,10,15,21:00,UTC,0
2022,10,15,22:00,UTC,0
2022,10,15,23:00,UTC,0
2022,10,16,00:00,UTC,0
2022,10,16,01:00,UTC,0
2022,10,16,02:00,UTC,0
2022,10,16,03:00,UTC,0
2022,10,16,04:00,UTC,0
2022,10,16,05:00,UTC,0
2022,10,16,06:00,UTC,0
2022,10,16,07:00,UTC,0
2022,10,16,08:00,UTC,0
2022,10,16,09:00,UTC,0
2022,10,16,10:00,UTC,0
2022,10,16,11:00,UTC,0
2022,10,16,12:00,UTC,0
2022,10,16,13:00,UTC,0
2022,10,16,14:00,UTC,0
2022,10,16,15:00,UTC,0
2022,10,16,16:00,UTC,0
2022,10,16,17:00,UTC,0
2022,10,16,18:00,UTC,0
2022,10,16,19:00,UTC,0
2022,10,16,20:00,UTC,0
2022,10,16,21:00,UTC,0
2022,10,16,22:00,UTC,0
2022,10,16,23:00,UTC,0
2022,10,17,00:00,UTC,0
2022,10,17,01:00,UTC,0
2022,10,17,02:00,UTC,0
2022,10,17,03:00,UTC,0
2022,10,17,04:00,UTC,0
2022,10,17,05:00,UTC,0
2022,10,17,06:00,UTC,0
2022,10,17,07:00,UTC,0
2022,10,17,08:00,UTC,0
2022,10,17,09:00,UTC,0
2022,10,17,10:00,UTC,0
2022,10,17,11:00,UTC,0
2022,10,17,12:00,UTC,0
2022,10,17,13:00,UTC,0
2022,10,17,14:00,UTC,0
2022,10,17,15:00,UTC,0
2022,10,17,16:00,UTC,0
2022,10,17,17:00,UTC,0
2022,10,17,18:00,UTC,0
2022,10,17,19:00,UTC,0
2022,10,17,20:00,UTC,0
2022,10,17,21:00,UTC,0
2022,10,17,22:00,UTC,0
2022,10,17,23:00,UTC,0
2022,10,18,00:00,UTC,0
2022,10,18,01:00,UTC,0
2022,10,18,02:00,UTC,0
2022,10,18,03:00,UTC,0
2022,10,18,04:00,UTC,0
2022,10,18,05:00,UTC,0
2022,10,18,06:00,UTC,0
2022,10,18,07:00,UTC,0
2022,10,18,08:00,UTC,0
2022,10,18,09:00,UTC,0
2022,10,18,10:00,UTC,0
2022,10,18,11:00,UTC,0
2022,10,18,12:00,UTC,0
2022,10,18,13:00,UTC,0
2022,10,18,14:00,UTC,0
2022,10,18,15:00,UTC,0
2022,10,18,16:00,UTC,0
2022,10,18,17:00,UTC,0
2022,10,18,18:00,UTC,0
2022,10,18,19:00,UTC,0
2022,10,18,20:00,UTC,0
2022,10,18,21:00,UTC,0
2022,10,18,22:00,UTC,0
2022,10,18,23:00,UTC,0
2022,10,19,00:00,UTC,0
2022,10,19,01:00,UTC,0
2022,10,19,02:00,UTC,0
2022,10,19,03:00,UTC,0
2022,10,19,04:00,UTC,0
2022,10,19,05:00,UTC,0
2022,10,19,06:00,UTC,0
2022,10,19,07:00,UTC,0
2022,10,19,08:00,UTC,0
2022,10,19,09:00,UTC,0
2022,10,19,10:00,UTC,0
2022,10,19,11:00,UTC,0
2022,10,19,12:00,UTC,0
2022,10,19,13:00,UTC,0
2022,10,19,14:00,UTC,0
2022,10,19,15:00,UTC,0
2022,10,19,16:00,UTC,0
2022,10,19,17:00,UTC,0
2022,10,19,18:00,UTC,0
2022,10,19,19:00,UTC,0
2022,10,19,20:00,UTC,0
2022,10,19,21:00,UTC,0
2022,10,19,22:00,UTC,0
2022,10,19,23:00,UTC,0
2022,10,20,00:00,UTC,0
2022,10,20,01:00,UTC,0
2022,10,20,02:00,UTC,0
2022,10,20,03:00,UTC,0
2022,10,20,04:00,UTC,0
2022,10,20,05:00,UTC,0
2022,10,20,06:00,UTC,0
2022,10,20,07:00,UTC,0
2022,10,20,08:00,UTC,0
2022,10,20,09:00,UTC,0
2022,10,20,10:00,UTC,0
2022,10,20,11:00,UTC,0
2022,10,20,12:00,UTC,0
2022,10,20,13:00,UTC,0
2022,10,20,14:00,UTC,0
2022,10,20,15:00,UTC,0
2022,10,20,16:00,UTC,0
2022,10,20,17:00,UTC,0
2022,10,20,18:00,UTC,0
2022,10,20,19:00,UTC,0
2022,10,20,20:00,UTC,0
2022,10,20,21:00,UTC,0
2022,10,20,22:00,UTC,0
2022,10,20,23:00,UTC,0
2022,10,21,00:00,UTC,0
2022,10,21,01:00,UTC,0
2022,10,21,02:00,UTC,0
2022,10,21,03:00,UTC,0
2022,10,21,04:00,UTC,0
2022,10,21,05:00,UTC,0
2022,10,21,06:00,UTC,0
2022,10,21,07:00,UTC,0
2022,10,21,08:00,UTC,0
2022,10,21,09:00,UTC,0
2022,10,21,10:00,UTC,0
2022,10,21,11:00,UTC,0
2022,10,21,12:00,UTC,0
2022,10,21,13:00,UTC,0
2022,10,21,14:00,UTC,0
2022,10,21,15:00,UTC,0
2022,10,21,16:00,UTC,0
2022,10,21,17:00,UTC,0
2022,10,21,18:00,UTC,0
2022,10,21,19:00,UTC,0
2022,10,21,20:00,UTC,0
2022,10,21,21:00,UTC,0
2022,10,21,22:00,UTC,0
2022,10,21,23:00,UTC,0
2022,10,22,00:00,UTC,0
2022,10,22,01:00,UTC,0
2022,10,22,02:00,UTC,0
2022,10,22,03:00,UTC,0
2022,10,22,04:00,UTC,0
2022,10,22,05:00,UTC,0
2022,10,22,06:00,UTC,0
2022,10,22,07:00,UTC,0
2022,10,22,08:00,UTC,0
2022,10,22,09:00,UTC,0
2022,10,22,10:00,UTC,0
2022,10,22,11:00,UTC,0
2022,10,22,12:00,UTC,0
2022,10,22,13:00,UTC,0
2022,10,22,14:00,UTC,0
2022,10,22,15:00,UTC,0
2022,10,22,16:00,UTC,0
2022,10,22,17:00,UTC,0
2022,10,22,18:00,UTC,0
2022,10,22,19:00,UTC,0
2022,10,22,20:00,UTC,0
2022,10,22,21:00,UTC,0
2022,10,22,22:00,UTC,0
2022,10,22,23:00,UTC,0
2022,10,23,00:00,UTC,0
2022,10,23,01:00,UTC,0
2022,10,23,02:00,UTC,0
2022,10,23,03:00,UTC,0
2022,10,23,04:00,UTC,0
2022,10,23,05:00,UTC,0
2022,10,23,06:00,UTC,0
2022,10,23,07:00,UTC,0
2022,10,23,08:00,UTC,0
2022,10,23,09:00,UTC,0
2022,10,23,10:00,UTC,0
2022,10,23,11:00,UTC,0
2022,10,23,12:00,UTC,0
2022,10,23,13:00,UTC,0
2022,10,23,14:00,UTC,0
2022,10,23,15:00,UTC,0
2022,10,23,16:00,UTC,0
2022,10,23,17:00,UTC,0
2022,10,23,18:00,UTC,0
2022,10,23,19:00,UTC,0
2022,10,23,20:00,UTC,0
2022,10,23,21:00,UTC,0
2022,10,23,22:00,UTC,0
2022,10,23,23:00,UTC,0
2022,10,24,00:00,UTC,0
2022,10,24,01:00,UTC,0
2022,10,24,02:00,UTC,0
2022,10,24,03:00,UTC,0
2022,10,24,04:00,UTC,0
2022,10,24,05:00,UTC,0
2022,10,24,06:00,UTC,0
2022,10,24,07:00,UTC,0
2022,10,24,08:00,UTC,0
2022,10,24,09:00,UTC,0
2022,10,24,10:00,UTC,0
2022,10,24,11:00,UTC,0
2022,10,24,12:00,UTC,0
2022,10,24,13:00,UTC,0
2022,10,24,14:00,UTC,0
2022,10,24,15:00,UTC,0
2022,10,24,16:00,UTC,0
2022,10,24,17:00,UTC,0
2022,10,24,18:00,UTC,0
2022,10,24,19:00,UTC,0
2022,10,24,20:00,UTC,0
2022,10,24,21:00,UTC,0
2022,10,24,22:00,UTC,0
2022,10,24,23:00,UTC,0
2022,10,25,00:00,UTC,0
2022,10,25,01:00,UTC,0
2022,10,25,02:00,UTC,0
2022,10,25,03:00,UTC,0
2022,10,25,04:00,UTC,0
2022,10,25,05:00,UTC,0
2022,10,25,06:00,UTC,0
2022,10,25,07:00,UTC,0
2022,10,25,08:00,UTC,0
2022,10,25,09:00,UTC,0
2022,10,25,10:00,UTC,0
2022,10,25,11:00,UTC,0
2022,10,25,12:00,UTC,0
2022,10,25,13:00,UTC,0
2022,10,25,14:00,UTC,0
2022,10,25,15:00,UTC,0
2022,10,25,16:00,UTC,0
2022,10,25,17:00,UTC,0
2022,10,25,18:00,UTC,0
2022,10,25,19:00,UTC,0
2022,10,25,20:00,UTC,0
2022,10,25,21:00,UTC,0
2022,10,25,22:00,UTC,0
2022,10,25,23:00,UTC,0
2022,10,26,00:00,UTC,0
2022,10,26,01:00,UTC,0
2022,10,26,02:00,UTC,0
2022,10,26,03:00,UTC,0
2022,10,26,04:00,UTC,0
2022,10,26,05:00,UTC,0
2022,10,26,06:00,UTC,0
2022,10,26,07:00,UTC,2
2022,10,26,08:00,UTC,3
2022,10,26,09:00,UTC,5
2022,10,26,10:00,UTC,5
2022,10,26,11:00,UTC,5
2022,10,26,12:00,UTC,4
2022,10,26,13:00,UTC,5
2022,10,26,14:00,UTC,5
2022,10,26,15:00,UTC,5
2022,10,26,16:00,UTC,5
2022,10,26,17:00,UTC,5
2022,10,26,18:00,UTC,5
2022,10,26,19:00,UTC,5
2022,10,26,20:00,UTC,5
2022,10,26,21:00,UTC,5
2022,10,26,22:00,UTC,5
2022,10,26,23:00,UTC,5
2022,10,27,00:00,UTC,5
2022,10,27,01:00,UTC,5
2022,10,27,02:00,UTC,4
2022,10,27,03:00,UTC,5
2022,10,27,04:00,UTC,5
2022,10,27,05:00,UTC,5
2022,10,27,06:00,UTC,5
2022,10,27,07:00,UTC,4
2022,10,27,08:00,UTC,4
2022,10,27,09:00,UTC,4
2022,10,27,10:00,UTC,5
2022,10,27,11:00,UTC,5
2022,10,27,12:00,UTC,5
2022,10,27,13:00,UTC,5
2022,10,27,14:00,UTC,4
2022,10,27,15:00,UTC,4
2022,10,27,16:00,UTC,5
2022,10,27,17:00,UTC,5
2022,10,27,18:00,UTC,5
2022,10,27,19:00,UTC,5
2022,10,27,20:00,UTC,5
2022,10,27,21:00,UTC,5
2022,10,27,22:00,UTC,5
2022,10,27,23:00,UTC,5
2022,10,28,00:00,UTC,5
2022,10,28,01:00,UTC,5
2022,10,28,02:00,UTC,5
2022,10,28,03:00,UTC,5
2022,10,28,04:00,UTC,5
2022,10,28,05:00,UTC,5
2022,10,28,06:00,UTC,5
2022,10,28,07:00,UTC,5
2022,10,28,08:00,UTC,5
2022,10,28,09:00,UTC,5
2022,10,28,10:00,UTC,5
2022,10,28,11:00,UTC,5
2022,10,28,12:00,UTC,5
2022,10,28,13:00,UTC,5
2022,10,28,14:00,UTC,5
2022,10,28,15:00,UTC,5
2022,10,28,16:00,UTC,4
2022,10,28,17:00,UTC,4
2022,10,28,18:00,UTC,4
2022,10,28,19:00,UTC,4
2022,10,28,20:00,UTC,4
2022,10,28,21:00,UTC,4
2022,10,28,22:00,UTC,4
2022,10,28,23:00,UTC,4
2022,10,29,00:00,UTC,4
2022,10,29,01:00,UTC,3
2022,10,29,02:00,UTC,3
2022,10,29,03:00,UTC,3
2022,10,29,04:00,UTC,3
2022,10,29,05:00,UTC,3
2022,10,29,06:00,UTC,3
2022,10,29,07:00,UTC,2
2022,10,29,08:00,UTC,2
2022,10,29,09:00,UTC,0
2022,10,29,10:00,UTC,2
2022,10,29,11:00,UTC,0
2022,10,29,12:00,UTC,0
2022,10,29,13:00,UTC,0
2022,10,29,14:00,UTC,2
2022,10,29,15:00,UTC,2
2022,10,29,16:00,UTC,3
2022,10,29,17:00,UTC,3
2022,10,29,18:00,UTC,3
2022,10,29,19:00,UTC,3
2022,10,29,20:00,UTC,3
2022,10,29,21:00,UTC,3
2022,10,29,22:00,UTC,3
2022,10,29,23:00,UTC,3
2022,10,30,00:00,UTC,3
2022,10,30,01:00,UTC,3
2022,10,30,02:00,UTC,3
2022,10,30,03:00,UTC,3
2022,10,30,04:00,UTC,3
2022,10,30,05:00,UTC,3
2022,10,30,06:00,UTC,3
2022,10,30,07:00,UTC,3
2022,10,30,08:00,UTC,3
2022,10,30,09:00,UTC,3
2022,10,30,10:00,UTC,3
2022,10,30,11:00,UTC,3
2022,10,30,12:00,UTC,3
2022,10,30,13:00,UTC,3
2022,10,30,14:00,UTC,3
2022,10,30,15:00,UTC,3
2022,10,30,16:00,UTC,3
2022,10,30,17:00,UTC,3
2022,10,30,18:00,UTC,3
2022,10,30,19:00,UTC,3
2022,10,30,20:00,UTC,3
2022,10,30,21:00,UTC,3
2022,10,30,22:00,UTC,3
2022,10,30,23:00,UTC,3
2022,10,31,00:00,UTC,3
2022,10,31,01:00,UTC,3
2022,10,31,02:00,UTC,3
2022,10,31,03:00,UTC,3
2022,10,31,04:00,UTC,3
2022,10,31,05:00,UTC,3
2022,10,31,06:00,UTC,3
2022,10,31,07:00,UTC,3
2022,10,31,08:00,UTC,3
2022,10,31,09:00,UTC,3
2022,10,31,10:00,UTC,3
2022,10,31,11:00,UTC,3
2022,10,31,12:00,UTC,3
2022,10,31,13:00,UTC,3
2022,10,31,14:00,UTC,3
2022,10,31,15:00,UTC,3
2022,10,31,16:00,UTC,3
2022,10,31,17:00,UTC,3
2022,10,31,18:00,UTC,3
2022,10,31,19:00,UTC,3
2022,10,31,20:00,UTC,3
2022,10,31,21:00,UTC,3
2022,10,31,22:00,UTC,3
2022,10,31,23:00,UTC,3
2022,11,1,00:00,UTC,3
2022,11,1,01:00,UTC,3
2022,11,1,02:00,UTC,3
2022,11,1,03:00,UTC,3
2022,11,1,04:00,UTC,3
2022,11,1,05:00,UTC,3
2022,11,1,06:00,UTC,3
2022,11,1,07:00,UTC,3
2022,11,1,08:00,UTC,3
2022,11,1,09:00,UTC,3
2022,11,1,10:00,UTC,3
2022,11,1,11:00,UTC,3
2022,11,1,12:00,UTC,3
2022,11,1,13:00,UTC,3
2022,11,1,14:00,UTC,3
2022,11,1,15:00,UTC,3
2022,11,1,16:00,UTC,3
2022,11,1,17:00,UTC,3
2022,11,1,18:00,UTC,3
2022,11,1,19:00,UTC,3
2022,11,1,20:00,UTC,3
2022,11,1,21:00,UTC,3
2022,11,1,22:00,UTC,3
2022,11,1,23:00,UTC,3
2022,11,2,00:00,UTC,3
2022,11,2,01:00,UTC,3
2022,11,2,02:00,UTC,3
2022,11,2,03:00,UTC,3
2022,11,2,04:00,UTC,3
2022,11,2,05:00,UTC,3
2022,11,2,06:00,UTC,3
2022,11,2,07:00,UTC,3
2022,11,2,08:00,UTC,3
2022,11,2,09:00,UTC,3
2022,11,2,10:00,UTC,3
2022,11,2,11:00,UTC,3
2022,11,2,12:00,UTC,3
2022,11,2,13:00,UTC,3
2022,11,2,14:00,UTC,3
2022,11,2,15:00,UTC,3
2022,11,2,16:00,UTC,3
2022,11,2,17:00,UTC,3
2022,11,2,18:00,UTC,3
2022,11,2,19:00,UTC,3
2022,11,2,20:00,UTC,3
2022,11,2,21:00,UTC,3
2022,11,2,22:00,UTC,3
2022,11,2,23:00,UTC,3
2022,11,3,00:00,UTC,3
2022,11,3,01:00,UTC,3
2022,11,3,02:00,UTC,3
2022,11,3,03:00,UTC,3
2022,11,3,04:00,UTC,3
2022,11,3,05:00,UTC,3
2022,11,3,06:00,UTC,3
2022,11,3,07:00,UTC,3
2022,11,3,08:00,UTC,3
2022,11,3,09:00,UTC,3
2022,11,3,10:00,UTC,3
2022,11,3,11:00,UTC,3
2022,11,3,12:00,UTC,3
2022,11,3,13:00,UTC,3
2022,11,3,14:00,UTC,3
2022,11,3,15:00,UTC,3
2022,11,3,16:00,UTC,3
2022,11,3,17:00,UTC,3
2022,11,3,18:00,UTC,3
2022,11,3,19:00,UTC,3
2022,11,3,20:00,UTC,3
2022,11,3,21:00,UTC,3
2022,11,3,22:00,UTC,3
2022,11,3,23:00,UTC,3
2022,11,4,00:00,UTC,3
2022,11,4,01:00,UTC,3
2022,11,4,02:00,UTC,3
2022,11,4,03:00,UTC,3
2022,11,4,04:00,UTC,3
2022,11,4,05:00,UTC,3
2022,11,4,06:00,UTC,3
2022,11,4,07:00,UTC,3
2022,11,4,08:00,UTC,3
2022,11,4,09:00,UTC,3
2022,11,4,10:00,UTC,3
2022,11,4,11:00,UTC,3
2022,11,4,12:00,UTC,3
2022,11,4,13:00,UTC,2
2022,11,4,14:00,UTC,2
2022,11,4,15:00,UTC,2
2022,11,4,16:00,UTC,2
2022,11,4,17:00,UTC,2
2022,11,4,18:00,UTC,2
2022,11,4,19:00,UTC,2
2022,11,4,20:00,UTC,0
2022,11,4,21:00,UTC,0
2022,11,4,22:00,UTC,0
2022,11,4,23:00,UTC,0
2022,11,5,00:00,UTC,0
2022,11,5,01:00,UTC,0
2022,11,5,02:00,UTC,0
2022,11,5,03:00,UTC,0
2022,11,5,04:00,UTC,0
2022,11,5,05:00,UTC,0
2022,11,5,06:00,UTC,0
2022,11,5,07:00,UTC,0
2022,11,5,08:00,UTC,0
2022,11,5,09:00,UTC,0
2022,11,5,10:00,UTC,0
2022,11,5,11:00,UTC,0
2022,11,5,12:00,UTC,0
2022,11,5,13:00,UTC,0
2022,11,5,14:00,UTC,0
2022,11,5,15:00,UTC,0
2022,11,5,16:00,UTC,0
2022,11,5,17:00,UTC,0
2022,11,5,18:00,UTC,0
2022,11,5,19:00,UTC,0
2022,11,5,20:00,UTC,0
2022,11,5,21:00,UTC,0
2022,11,5,22:00,UTC,0
2022,11,5,23:00,UTC,0
2022,11,6,00:00,UTC,0
2022,11,6,01:00,UTC,0
2022,11,6,02:00,UTC,0
2022,11,6,03:00,UTC,0
2022,11,6,04:00,UTC,0
2022,11,6,05:00,UTC,0
2022,11,6,06:00,UTC,0
2022,11,6,07:00,UTC,0
2022,11,6,08:00,UTC,0
2022,11,6,09:00,UTC,2
2022,11,6,10:00,UTC,0
2022,11,6,11:00,UTC,2
2022,11,6,12:00,UTC,2
2022,11,6,13:00,UTC,2
2022,11,6,14:00,UTC,2
2022,11,6,15:00,UTC,2
2022,11,6,16:00,UTC,2
2022,11,6,17:00,UTC,2
2022,11,6,18:00,UTC,2
2022,11,6,19:00,UTC,3
2022,11,6,20:00,UTC,3
2022,11,6,21:00,UTC,3
2022,11,6,22:00,UTC,3
2022,11,6,23:00,UTC,3
2022,11,7,00:00,UTC,3
2022,11,7,01:00,UTC,3
2022,11,7,02:00,UTC,3
2022,11,7,03:00,UTC,3
2022,11,7,04:00,UTC,3
2022,11,7,05:00,UTC,3
2022,11,7,06:00,UTC,3
2022,11,7,07:00,UTC,3
2022,11,7,08:00,UTC,3
2022,11,7,09:00,UTC,3
2022,11,7,10:00,UTC,3
2022,11,7,11:00,UTC,3
2022,11,7,12:00,UTC,3
2022,11,7,13:00,UTC,3
2022,11,7,14:00,UTC,3
2022,11,7,15:00,UTC,3
2022,11,7,16:00,UTC,3
2022,11,7,17:00,UTC,3
2022,11,7,18:00,UTC,3
2022,11,7,19:00,UTC,3
2022,11,7,20:00,UTC,3
2022,11,7,21:00,UTC,3
2022,11,7,22:00,UTC,3
2022,11,7,23:00,UTC,3
2022,11,8,00:00,UTC,3
2022,11,8,01:00,UTC,3
2022,11,8,02:00,UTC,3
2022,11,8,03:00,UTC,4
2022,11,8,04:00,UTC,4
2022,11,8,05:00,UTC,5
2022,11,8,06:00,UTC,5
2022,11,8,07:00,UTC,4
2022,11,8,08:00,UTC,5
2022,11,8,09:00,UTC,5
2022,11,8,10:00,UTC,5
2022,11,8,11:00,UTC,5
2022,11,8,12:00,UTC,5
2022,11,8,13:00,UTC,5
2022,11,8,14:00,UTC,5
2022,11,8,15:00,UTC,5
2022,11,8,16:00,UTC,5
2022,11,8,17:00,UTC,5
2022,11,8,18:00,UTC,5
2022,11,8,19:00,UTC,5
2022,11,8,20:00,UTC,5
2022,11,8,21:00,UTC,5
2022,11,8,22:00,UTC,5
2022,11,8,23:00,UTC,5
2022,11,9,00:00,UTC,5
2022,11,9,01:00,UTC,5
2022,11,9,02:00,UTC,5
2022,11,9,03:00,UTC,5
2022,11,9,04:00,UTC,5
2022,11,9,05:00,UTC,5
2022,11,9,06:00,UTC,5
2022,11,9,07:00,UTC,5
2022,11,9,08:00,UTC,3
2022,11,9,09:00,UTC,3
2022,11,9,10:00,UTC,4
2022,11,9,11:00,UTC,5
2022,11,9,12:00,UTC,3
2022,11,9,13:00,UTC,4
2022,11,9,14:00,UTC,5
2022,11,9,15:00,UTC,5
2022,11,9,16:00,UTC,4
2022,11,9,17:00,UTC,4
2022,11,9,18:00,UTC,4
2022,11,9,19:00,UTC,4
2022,11,9,20:00,UTC,4
2022,11,9,21:00,UTC,4
2022,11,9,22:00,UTC,4
2022,11,9,23:00,UTC,4
2022,11,10,00:00,UTC,4
2022,11,10,01:00,UTC,5
2022,11,10,02:00,UTC,5
2022,11,10,03:00,UTC,6
2022,11,10,04:00,UTC,5
2022,11,10,05:00,UTC,6
2022,11,10,06:00,UTC,6
2022,11,10,07:00,UTC,6
2022,11,10,08:00,UTC,6
2022,11,10,09:00,UTC,6
2022,11,10,10:00,UTC,6
2022,11,10,11:00,UTC,6
2022,11,10,12:00,UTC,6
2022,11,10,13:00,UTC,6
2022,11,10,14:00,UTC,6
2022,11,10,15:00,UTC,6
2022,11,10,16:00,UTC,6
2022,11,10,17:00,UTC,6
2022,11,10,18:00,UTC,6
2022,11,10,19:00,UTC,6
2022,11,10,20:00,UTC,6
2022,11,10,21:00,UTC,5
2022,11,10,22:00,UTC,5
2022,11,10,23:00,UTC,5
2022,11,11,00:00,UTC,5
2022,11,11,01:00,UTC,5
2022,11,11,02:00,UTC,5
2022,11,11,03:00,UTC,5
2022,11,11,04:00,UTC,5
2022,11,11,05:00,UTC,6
2022,11,11,06:00,UTC,7
2022,11,11,07:00,UTC,10
2022,11,11,08:00,UTC,11
2022,11,11,09:00,UTC,12
2022,11,11,10:00,UTC,12
2022,11,11,11:00,UTC,12
2022,11,11,12:00,UTC,11
2022,11,11,13:00,UTC,11
2022,11,11,14:00,UTC,11
2022,11,11,15:00,UTC,11
2022,11,11,16:00,UTC,10
2022,11,11,17:00,UTC,11
2022,11,11,18:00,UTC,10
2022,11,11,19:00,UTC,10
2022,11,11,20:00,UTC,10
2022,11,11,21:00,UTC,10
2022,11,11,22:00,UTC,10
2022,11,11,23:00,UTC,10
2022,11,12,00:00,UTC,10
2022,11,12,01:00,UTC,10
2022,11,12,02:00,UTC,10
2022,11,12,03:00,UTC,10
2022,11,12,04:00,UTC,10
2022,11,12,05:00,UTC,10
2022,11,12,06:00,UTC,10
2022,11,12,07:00,UTC,10
2022,11,12,08:00,UTC,10
2022,11,12,09:00,UTC,10
2022,11,12,10:00,UTC,10
2022,11,12,11:00,UTC,10
2022,11,12,12:00,UTC,9
2022,11,12,13:00,UTC,9
2022,11,12,14:00,UTC,9
2022,11,12,15:00,UTC,9
2022,11,12,16:00,UTC,9
2022,11,12,17:00,UTC,9
2022,11,12,18:00,UTC,10
2022,11,12,19:00,UTC,9
2022,11,12,20:00,UTC,9
2022,11,12,21:00,UTC,9
2022,11,12,22:00,UTC,9
2022,11,12,23:00,UTC,9
2022,11,13,00:00,UTC,9
2022,11,13,01:00,UTC,9
2022,11,13,02:00,UTC,9
2022,11,13,03:00,UTC,9
2022,11,13,04:00,UTC,9
2022,11,13,05:00,UTC,9
2022,11,13,06:00,UTC,9
2022,11,13,07:00,UTC,9
2022,11,13,08:00,UTC,9
2022,11,13,09:00,UTC,9
2022,11,13,10:00,UTC,9
2022,11,13,11:00,UTC,9
2022,11,13,12:00,UTC,9
2022,11,13,13:00,UTC,9
2022,11,13,14:00,UTC,9
2022,11,13,15:00,UTC,9
2022,11,13,16:00,UTC,9
2022,11,13,17:00,UTC,9
2022,11,13,18:00,UTC,9
2022,11,13,19:00,UTC,9
2022,11,13,20:00,UTC,9
2022,11,13,21:00,UTC,9
2022,11,13,22:00,UTC,9
2022,11,13,23:00,UTC,9
2022,11,14,00:00,UTC,9
2022,11,14,01:00,UTC,9
2022,11,14,02:00,UTC,9
2022,11,14,03:00,UTC,9
2022,11,14,04:00,UTC,9
2022,11,14,05:00,UTC,9
2022,11,14,06:00,UTC,9
2022,11,14,07:00,UTC,9
2022,11,14,08:00,UTC,9
2022,11,14,09:00,UTC,9
2022,11,14,10:00,UTC,9
2022,11,14,11:00,UTC,9
2022,11,14,12:00,UTC,9
2022,11,14,13:00,UTC,9
2022,11,14,14:00,UTC,9
2022,11,14,15:00,UTC,9
2022,11,14,16:00,UTC,9
2022,11,14,17:00,UTC,9
2022,11,14,18:00,UTC,9
2022,11,14,19:00,UTC,9
2022,11,14,20:00,UTC,9
2022,11,14,21:00,UTC,9
2022,11,14,22:00,UTC,9
2022,11,14,23:00,UTC,9
2022,11,15,00:00,UTC,9
2022,11,15,01:00,UTC,9
2022,11,15,02:00,UTC,9
2022,11,15,03:00,UTC,9
2022,11,15,04:00,UTC,9
2022,11,15,05:00,UTC,9
2022,11,15,06:00,UTC,9
2022,11,15,07:00,UTC,9
2022,11,15,08:00,UTC,9
2022,11,15,09:00,UTC,9
2022,11,15,10:00,UTC,9
2022,11,15,11:00,UTC,9
2022,11,15,12:00,UTC,9
2022,11,15,13:00,UTC,9
2022,11,15,14:00,UTC,9
2022,11,15,15:00,UTC,9
2022,11,15,16:00,UTC,9
2022,11,15,17:00,UTC,9
2022,11,15,18:00,UTC,9
2022,11,15,19:00,UTC,9
2022,11,15,20:00,UTC,9
2022,11,15,21:00,UTC,9
2022,11,15,22:00,UTC,9
2022,11,15,23:00,UTC,9
2022,11,16,00:00,UTC,9
2022,11,16,01:00,UTC,9
2022,11,16,02:00,UTC,9
2022,11,16,03:00,UTC,9
2022,11,16,04:00,UTC,9
2022,11,16,05:00,UTC,9
2022,11,16,06:00,UTC,9
2022,11,16,07:00,UTC,9
2022,11,16,08:00,UTC,9
2022,11,16,09:00,UTC,9
2022,11,16,10:00,UTC,9
2022,11,16,11:00,UTC,9
2022,11,16,12:00,UTC,9
2022,11,16,13:00,UTC,9
2022,11,16,14:00,UTC,9
2022,11,16,15:00,UTC,9
2022,11,16,16:00,UTC,9
2022,11,16,17:00,UTC,9
2022,11,16,18:00,UTC,9
2022,11,16,19:00,UTC,9
2022,11,16,20:00,UTC,9
2022,11,16,21:00,UTC,9
2022,11,16,22:00,UTC,9
2022,11,16,23:00,UTC,9
2022,11,17,00:00,UTC,9
2022,11,17,01:00,UTC,9
2022,11,17,02:00,UTC,9
2022,11,17,03:00,UTC,9
2022,11,17,04:00,UTC,9
2022,11,17,05:00,UTC,9
2022,11,17,06:00,UTC,9
2022,11,17,07:00,UTC,9
2022,11,17,08:00,UTC,9
2022,11,17,09:00,UTC,9
2022,11,17,10:00,UTC,9
2022,11,17,11:00,UTC,9
2022,11,17,12:00,UTC,9
2022,11,17,13:00,UTC,9
2022,11,17,14:00,UTC,9
2022,11,17,15:00,UTC,9
2022,11,17,16:00,UTC,9
2022,11,17,17:00,UTC,9
2022,11,17,18:00,UTC,9
2022,11,17,19:00,UTC,9
2022,11,17,20:00,UTC,9
2022,11,17,21:00,UTC,9
2022,11,17,22:00,UTC,9
2022,11,17,23:00,UTC,9
2022,11,18,00:00,UTC,9
2022,11,18,01:00,UTC,9
2022,11,18,02:00,UTC,9
2022,11,18,03:00,UTC,9
2022,11,18,04:00,UTC,9
2022,11,18,05:00,UTC,9
2022,11,18,06:00,UTC,9
2022,11,18,07:00,UTC,9
2022,11,18,08:00,UTC,9
2022,11,18,09:00,UTC,9
2022,11,18,10:00,UTC,9
2022,11,18,11:00,UTC,9
2022,11,18,12:00,UTC,9
2022,11,18,13:00,UTC,9
2022,11,18,14:00,UTC,9
2022,11,18,15:00,UTC,9
2022,11,18,16:00,UTC,9
2022,11,18,17:00,UTC,9
2022,11,18,18:00,UTC,9
2022,11,18,19:00,UTC,9
2022,11,18,20:00,UTC,9
2022,11,18,21:00,UTC,9
2022,11,18,22:00,UTC,9
2022,11,18,23:00,UTC,9
2022,11,19,00:00,UTC,9
2022,11,19,01:00,UTC,9
2022,11,19,02:00,UTC,9
2022,11,19,03:00,UTC,9
2022,11,19,04:00,UTC,9
2022,11,19,05:00,UTC,9
2022,11,19,06:00,UTC,9
2022,11,19,07:00,UTC,9
2022,11,19,08:00,UTC,9
2022,11,19,09:00,UTC,9
2022,11,19,10:00,UTC,9
2022,11,19,11:00,UTC,9
2022,11,19,12:00,UTC,9
2022,11,19,13:00,UTC,9
2022,11,19,14:00,UTC,9
2022,11,19,15:00,UTC,9
2022,11,19,16:00,UTC,9
2022,11,19,17:00,UTC,9
2022,11,19,18:00,UTC,9
2022,11,19,19:00,UTC,9
2022,11,19,20:00,UTC,9
2022,11,19,21:00,UTC,9
2022,11,19,22:00,UTC,9
2022,11,19,23:00,UTC,9
2022,11,20,00:00,UTC,9
2022,11,20,01:00,UTC,9
2022,11,20,02:00,UTC,9
2022,11,20,03:00,UTC,9
2022,11,20,04:00,UTC,9
2022,11,20,05:00,UTC,9
2022,11,20,06:00,UTC,9
2022,11,20,07:00,UTC,9
2022,11,20,08:00,UTC,9
2022,11,20,09:00,UTC,9
2022,11,20,10:00,UTC,9
2022,11,20,11:00,UTC,9
2022,11,20,12:00,UTC,9
2022,11,20,13:00,UTC,9
2022,11,20,14:00,UTC,9
2022,11,20,15:00,UTC,9
2022,11,20,16:00,UTC,9
2022,11,20,17:00,UTC,9
2022,11,20,18:00,UTC,9
2022,11,20,19:00,UTC,9
2022,11,20,20:00,UTC,9
2022,11,20,21:00,UTC,9
2022,11,20,22:00,UTC,9
2022,11,20,23:00,UTC,9
2022,11,21,00:00,UTC,9
2022,11,21,01:00,UTC,9
2022,11,21,02:00,UTC,9
2022,11,21,03:00,UTC,9
2022,11,21,04:00,UTC,9
2022,11,21,05:00,UTC,9
2022,11,21,06:00,UTC,9
2022,11,21,07:00,UTC,9
2022,11,21,08:00,UTC,9
2022,11,21,09:00,UTC,9
2022,11,21,10:00,UTC,9
2022,11,21,11:00,UTC,9
2022,11,21,12:00,UTC,9
2022,11,21,13:00,UTC,9
2022,11,21,14:00,UTC,9
2022,11,21,15:00,UTC,9
2022,11,21,16:00,UTC,9
2022,11,21,17:00,UTC,9
2022,11,21,18:00,UTC,9
2022,11,21,19:00,UTC,9
2022,11,21,20:00,UTC,9
2022,11,21,21:00,UTC,9
2022,11,21,22:00,UTC,9
2022,11,21,23:00,UTC,9
2022,11,22,00:00,UTC,9
2022,11,22,01:00,UTC,9
2022,11,22,02:00,UTC,9
2022,11,22,03:00,UTC,9
2022,11,22,04:00,UTC,9
2022,11,22,05:00,UTC,9
2022,11,22,06:00,UTC,9
2022,11,22,07:00,UTC,9
2022,11,22,08:00,UTC,9
2022,11,22,09:00,UTC,9
2022,11,22,10:00,UTC,9
2022,11,22,11:00,UTC,9
2022,11,22,12:00,UTC,9
2022,11,22,13:00,UTC,9
2022,11,22,14:00,UTC,9
2022,11,22,15:00,UTC,9
2022,11,22,16:00,UTC,9
2022,11,22,17:00,UTC,9
2022,11,22,18:00,UTC,9
2022,11,22,19:00,UTC,9
2022,11,22,20:00,UTC,9
2022,11,22,21:00,UTC,9
2022,11,22,22:00,UTC,9
2022,11,22,23:00,UTC,9
2022,11,23,00:00,UTC,9
2022,11,23,01:00,UTC,9
2022,11,23,02:00,UTC,9
2022,11,23,03:00,UTC,9
2022,11,23,04:00,UTC,9
2022,11,23,05:00,UTC,9
2022,11,23,06:00,UTC,9
2022,11,23,07:00,UTC,9
2022,11,23,08:00,UTC,9
2022,11,23,09:00,UTC,9
2022,11,23,10:00,UTC,9
2022,11,23,11:00,UTC,9
2022,11,23,12:00,UTC,9
2022,11,23,13:00,UTC,9
2022,11,23,14:00,UTC,9
2022,11,23,15:00,UTC,9
2022,11,23,16:00,UTC,10
2022,11,23,17:00,UTC,10
2022,11,23,18:00,UTC,10
2022,11,23,19:00,UTC,10
2022,11,23,20:00,UTC,10
2022,11,23,21:00,UTC,10
2022,11,23,22:00,UTC,10
2022,11,23,23:00,UTC,10
2022,11,24,00:00,UTC,10
2022,11,24,01:00,UTC,10
2022,11,24,02:00,UTC,10
2022,11,24,03:00,UTC,9
2022,11,24,04:00,UTC,10
2022,11,24,05:00,UTC,9
2022,11,24,06:00,UTC,9
2022,11,24,07:00,UTC,9
2022,11,24,08:00,UTC,9
2022,11,24,09:00,UTC,10
2022,11,24,10:00,UTC,10
2022,11,24,11:00,UTC,10
2022,11,24,12:00,UTC,10
2022,11,24,13:00,UTC,10
2022,11,24,14:00,UTC,10
2022,11,24,15:00,UTC,10
2022,11,24,16:00,UTC,10
2022,11,24,17:00,UTC,10
2022,11,24,18:00,UTC,10
2022,11,24,19:00,UTC,10
2022,11,24,20:00,UTC,10
2022,11,24,21:00,UTC,10
2022,11,24,22:00,UTC,10
2022,11,24,23:00,UTC,10
2022,11,25,00:00,UTC,10
2022,11,25,01:00,UTC,10
2022,11,25,02:00,UTC,10
2022,11,25,03:00,UTC,10
2022,11,25,04:00,UTC,10
2022,11,25,05:00,UTC,10
2022,11,25,06:00,UTC,10
2022,11,25,07:00,UTC,10
2022,11,25,08:00,UTC,10
2022,11,25,09:00,UTC,10
2022,11,25,10:00,UTC,10
2022,11,25,11:00,UTC,10
2022,11,25,12:00,UTC,10
2022,11,25,13:00,UTC,10
2022,11,25,14:00,UTC,9
2022,11,25,15:00,UTC,9
2022,11,25,16:00,UTC,10
2022,11,25,17:00,UTC,10
2022,11,25,18:00,UTC,10
2022,11,25,19:00,UTC,10
2022,11,25,20:00,UTC,10
2022,11,25,21:00,UTC,10
2022,11,25,22:00,UTC,11
2022,11,25,23:00,UTC,11
2022,11,26,00:00,UTC,11
2022,11,26,01:00,UTC,11
2022,11,26,02:00,UTC,11
2022,11,26,03:00,UTC,11
2022,11,26,04:00,UTC,11
2022,11,26,05:00,UTC,11
2022,11,26,06:00,UTC,11
2022,11,26,07:00,UTC,11
2022,11,26,08:00,UTC,11
2022,11,26,09:00,UTC,10
2022,11,26,10:00,UTC,10
2022,11,26,11:00,UTC,11
2022,11,26,12:00,UTC,11
2022,11,26,13:00,UTC,11
2022,11,26,14:00,UTC,11
2022,11,26,15:00,UTC,11
2022,11,26,16:00,UTC,11
2022,11,26,17:00,UTC,11
2022,11,26,18:00,UTC,11
2022,11,26,19:00,UTC,11
2022,11,26,20:00,UTC,11
2022,11,26,21:00,UTC,11
2022,11,26,22:00,UTC,11
2022,11,26,23:00,UTC,11
2022,11,27,00:00,UTC,11
2022,11,27,01:00,UTC,11
2022,11,27,02:00,UTC,11
2022,11,27,03:00,UTC,11
2022,11,27,04:00,UTC,11
2022,11,27,05:00,UTC,11
2022,11,27,06:00,UTC,11
2022,11,27,07:00,UTC,11
2022,11,27,08:00,UTC,11
2022,11,27,09:00,UTC,11
2022,11,27,10:00,UTC,11
2022,11,27,11:00,UTC,11
2022,11,27,12:00,UTC,11
2022,11,27,13:00,UTC,11
2022,11,27,14:00,UTC,10
2022,11,27,15:00,UTC,10
2022,11,27,16:00,UTC,10
2022,11,27,17:00,UTC,10
2022,11,27,18:00,UTC,10
2022,11,27,19:00,UTC,10
2022,11,27,20:00,UTC,10
2022,11,27,21:00,UTC,10
2022,11,27,22:00,UTC,10
2022,11,27,23:00,UTC,10
2022,11,28,00:00,UTC,10
2022,11,28,01:00,UTC,10
2022,11,28,02:00,UTC,10
2022,11,28,03:00,UTC,10
2022,11,28,04:00,UTC,10
2022,11,28,05:00,UTC,11
2022,11,28,06:00,UTC,11
2022,11,28,07:00,UTC,11
2022,11,28,08:00,UTC,10
2022,11,28,09:00,UTC,10
2022,11,28,10:00,UTC,10
2022,11,28,11:00,UTC,10
2022,11,28,12:00,UTC,10
2022,11,28,13:00,UTC,10
2022,11,28,14:00,UTC,11
2022,11,28,15:00,UTC,11
2022,11,28,16:00,UTC,11
2022,11,28,17:00,UTC,11
2022,11,28,18:00,UTC,11
2022,11,28,19:00,UTC,11
2022,11,28,20:00,UTC,11
2022,11,28,21:00,UTC,11
2022,11,28,22:00,UTC,10
2022,11,28,23:00,UTC,10
2022,11,29,00:00,UTC,10
2022,11,29,01:00,UTC,10
2022,11,29,02:00,UTC,10
2022,11,29,03:00,UTC,10
2022,11,29,04:00,UTC,10
2022,11,29,05:00,UTC,11
2022,11,29,06:00,UTC,11
2022,11,29,07:00,UTC,11
2022,11,29,08:00,UTC,11
2022,11,29,09:00,UTC,11
2022,11,29,10:00,UTC,11
2022,11,29,11:00,UTC,11
2022,11,29,12:00,UTC,11
2022,11,29,13:00,UTC,11
2022,11,29,14:00,UTC,11
2022,11,29,15:00,UTC,11
2022,11,29,16:00,UTC,11
2022,11,29,17:00,UTC,11
2022,11,29,18:00,UTC,11
2022,11,29,19:00,UTC,11
2022,11,29,20:00,UTC,11
2022,11,29,21:00,UTC,11
2022,11,29,22:00,UTC,11
2022,11,29,23:00,UTC,11
2022,11,30,00:00,UTC,11
2022,11,30,01:00,UTC,11
2022,11,30,02:00,UTC,11
2022,11,30,03:00,UTC,11
2022,11,30,04:00,UTC,11
2022,11,30,05:00,UTC,11
2022,11,30,06:00,UTC,11
2022,11,30,07:00,UTC,11
2022,11,30,08:00,UTC,10
2022,11,30,09:00,UTC,10
2022,11,30,10:00,UTC,10
2022,11,30,11:00,UTC,10
2022,11,30,12:00,UTC,10
2022,11,30,13:00,UTC,10
2022,11,30,14:00,UTC,11
2022,11,30,15:00,UTC,11
2022,11,30,16:00,UTC,11
2022,11,30,17:00,UTC,11
2022,11,30,18:00,UTC,11
2022,11,30,19:00,UTC,11
2022,11,30,20:00,UTC,11
2022,11,30,21:00,UTC,11
2022,11,30,22:00,UTC,11
2022,11,30,23:00,UTC,11
2022,12,1,00:00,UTC,11
2022,12,1,01:00,UTC,12
2022,12,1,02:00,UTC,11
2022,12,1,03:00,UTC,12
2022,12,1,04:00,UTC,12
2022,12,1,05:00,UTC,12
2022,12,1,06:00,UTC,13
2022,12,1,07:00,UTC,13
2022,12,1,08:00,UTC,13
2022,12,1,09:00,UTC,13
2022,12,1,10:00,UTC,14
2022,12,1,11:00,UTC,15
2022,12,1,12:00,UTC,16
2022,12,1,13:00,UTC,16
2022,12,1,14:00,UTC,17
2022,12,1,15:00,UTC,16
2022,12,1,16:00,UTC,18
2022,12,1,17:00,UTC,19
2022,12,1,18:00,UTC,19
2022,12,1,19:00,UTC,18
2022,12,1,20:00,UTC,19
2022,12,1,21:00,UTC,19
2022,12,1,22:00,UTC,19
2022,12,1,23:00,UTC,20
2022,12,2,00:00,UTC,20
2022,12,2,01:00,UTC,19
2022,12,2,02:00,UTC,19
2022,12,2,03:00,UTC,19
2022,12,2,04:00,UTC,19
2022,12,2,05:00,UTC,19
2022,12,2,06:00,UTC,19
2022,12,2,07:00,UTC,19
2022,12,2,08:00,UTC,19
2022,12,2,09:00,UTC,19
2022,12,2,10:00,UTC,19
2022,12,2,11:00,UTC,19
2022,12,2,12:00,UTC,19
2022,12,2,13:00,UTC,19
2022,12,2,14:00,UTC,19
2022,12,2,15:00,UTC,19
2022,12,2,16:00,UTC,19
2022,12,2,17:00,UTC,19
2022,12,2,18:00,UTC,19
2022,12,2,19:00,UTC,19
2022,12,2,20:00,UTC,19
2022,12,2,21:00,UTC,19
2022,12,2,22:00,UTC,19
2022,12,2,23:00,UTC,19
2022,12,3,00:00,UTC,19
2022,12,3,01:00,UTC,19
2022,12,3,02:00,UTC,19
2022,12,3,03:00,UTC,19
2022,12,3,04:00,UTC,19
2022,12,3,05:00,UTC,19
2022,12,3,06:00,UTC,19
2022,12,3,07:00,UTC,18
2022,12,3,08:00,UTC,18
2022,12,3,09:00,UTC,18
2022,12,3,10:00,UTC,18
2022,12,3,11:00,UTC,18
2022,12,3,12:00,UTC,18
2022,12,3,13:00,UTC,18
2022,12,3,14:00,UTC,18
2022,12,3,15:00,UTC,18
2022,12,3,16:00,UTC,19
2022,12,3,17:00,UTC,20
2022,12,3,18:00,UTC,20
2022,12,3,19:00,UTC,20
2022,12,3,20:00,UTC,20
2022,12,3,21:00,UTC,20
2022,12,3,22:00,UTC,20
2022,12,3,23:00,UTC,19
2022,12,4,00:00,UTC,19
2022,12,4,01:00,UTC,19
2022,12,4,02:00,UTC,19
2022,12,4,03:00,UTC,19
2022,12,4,04:00,UTC,19
2022,12,4,05:00,UTC,19
2022,12,4,06:00,UTC,19
2022,12,4,07:00,UTC,19
2022,12,4,08:00,UTC,19
2022,12,4,09:00,UTC,19
2022,12,4,10:00,UTC,19
2022,12,4,11:00,UTC,19
2022,12,4,12:00,UTC,19
2022,12,4,13:00,UTC,19
2022,12,4,14:00,UTC,19
2022,12,4,15:00,UTC,19
2022,12,4,16:00,UTC,20
2022,12,4,17:00,UTC,19
2022,12,4,18:00,UTC,20
2022,12,4,19:00,UTC,20
2022,12,4,20:00,UTC,19
2022,12,4,21:00,UTC,20
2022,12,4,22:00,UTC,19
2022,12,4,23:00,UTC,19
2022,12,5,00:00,UTC,19
2022,12,5,01:00,UTC,19
2022,12,5,02:00,UTC,19
2022,12,5,03:00,UTC,19
2022,12,5,04:00,UTC,19
2022,12,5,05:00,UTC,19
2022,12,5,06:00,UTC,19
2022,12,5,07:00,UTC,19
2022,12,5,08:00,UTC,20
2022,12,5,09:00,UTC,20
2022,12,5,10:00,UTC,21
2022,12,5,11:00,UTC,21
2022,12,5,12:00,UTC,20
2022,12,5,13:00,UTC,21
2022,12,5,14:00,UTC,21
2022,12,5,15:00,UTC,21
2022,12,5,16:00,UTC,21
2022,12,5,17:00,UTC,21
2022,12,5,18:00,UTC,21
2022,12,5,19:00,UTC,21
2022,12,5,20:00,UTC,21
2022,12,5,21:00,UTC,21
2022,12,5,22:00,UTC,21
2022,12,5,23:00,UTC,21
2022,12,6,00:00,UTC,21
2022,12,6,01:00,UTC,21
2022,12,6,02:00,UTC,20
2022,12,6,03:00,UTC,20
2022,12,6,04:00,UTC,20
2022,12,6,05:00,UTC,21
2022,12,6,06:00,UTC,21
2022,12,6,07:00,UTC,20
2022,12,6,08:00,UTC,21
2022,12,6,09:00,UTC,22
2022,12,6,10:00,UTC,23
2022,12,6,11:00,UTC,24
2022,12,6,12:00,UTC,24
2022,12,6,13:00,UTC,24
2022,12,6,14:00,UTC,24
2022,12,6,15:00,UTC,25
2022,12,6,16:00,UTC,25
2022,12,6,17:00,UTC,25
2022,12,6,18:00,UTC,25
2022,12,6,19:00,UTC,25
2022,12,6,20:00,UTC,25
2022,12,6,21:00,UTC,25
2022,12,6,22:00,UTC,25
2022,12,6,23:00,UTC,25
2022,12,7,00:00,UTC,25
2022,12,7,01:00,UTC,25
2022,12,7,02:00,UTC,24
2022,12,7,03:00,UTC,24
2022,12,7,04:00,UTC,24
2022,12,7,05:00,UTC,24
2022,12,7,06:00,UTC,24
2022,12,7,07:00,UTC,24
2022,12,7,08:00,UTC,24
2022,12,7,09:00,UTC,24
2022,12,7,10:00,UTC,24
2022,12,7,11:00,UTC,24
2022,12,7,12:00,UTC,24
2022,12,7,13:00,UTC,24
2022,12,7,14:00,UTC,24
2022,12,7,15:00,UTC,24
2022,12,7,16:00,UTC,24
2022,12,7,17:00,UTC,24
2022,12,7,18:00,UTC,24
2022,12,7,19:00,UTC,24
2022,12,7,20:00,UTC,23
2022,12,7,21:00,UTC,23
2022,12,7,22:00,UTC,23
2022,12,7,23:00,UTC,23
2022,12,8,00:00,UTC,23
2022,12,8,01:00,UTC,23
2022,12,8,02:00,UTC,23
2022,12,8,03:00,UTC,23
2022,12,8,04:00,UTC,23
2022,12,8,05:00,UTC,23
2022,12,8,06:00,UTC,23
2022,12,8,07:00,UTC,23
2022,12,8,08:00,UTC,23
2022,12,8,09:00,UTC,23
2022,12,8,10:00,UTC,23
2022,12,8,11:00,UTC,23
2022,12,8,12:00,UTC,23
2022,12,8,13:00,UTC,23
2022,12,8,14:00,UTC,24
2022,12,8,15:00,UTC,23
2022,12,8,16:00,UTC,23
2022,12,8,17:00,UTC,23
2022,12,8,18:00,UTC,23
2022,12,8,19:00,UTC,24
2022,12,8,20:00,UTC,24
2022,12,8,21:00,UTC,24
2022,12,8,22:00,UTC,24
2022,12,8,23:00,UTC,24
2022,12,9,00:00,UTC,24
2022,12,9,01:00,UTC,25
2022,12,9,02:00,UTC,25
2022,12,9,03:00,UTC,25
2022,12,9,04:00,UTC,24
2022,12,9,05:00,UTC,24
2022,12,9,06:00,UTC,24
2022,12,9,07:00,UTC,25
2022,12,9,08:00,UTC,26
2022,12,9,09:00,UTC,26
2022,12,9,10:00,UTC,25
2022,12,9,11:00,UTC,26
2022,12,9,12:00,UTC,26
2022,12,9,13:00,UTC,26
2022,12,9,14:00,UTC,26
2022,12,9,15:00,UTC,26
2022,12,9,16:00,UTC,26
2022,12,9,17:00,UTC,26
2022,12,9,18:00,UTC,26
2022,12,9,19:00,UTC,26
2022,12,9,20:00,UTC,25
2022,12,9,21:00,UTC,25
2022,12,9,22:00,UTC,26
2022,12,9,23:00,UTC,26
2022,12,10,00:00,UTC,25
2022,12,10,01:00,UTC,25
2022,12,10,02:00,UTC,25
2022,12,10,03:00,UTC,26
2022,12,10,04:00,UTC,26
2022,12,10,05:00,UTC,26
2022,12,10,06:00,UTC,26
2022,12,10,07:00,UTC,26
2022,12,10,08:00,UTC,26
2022,12,10,09:00,UTC,25
2022,12,10,10:00,UTC,25
2022,12,10,11:00,UTC,25
2022,12,10,12:00,UTC,25
2022,12,10,13:00,UTC,25
2022,12,10,14:00,UTC,25
2022,12,10,15:00,UTC,25
2022,12,10,16:00,UTC,25
2022,12,10,17:00,UTC,25
2022,12,10,18:00,UTC,25
2022,12,10,19:00,UTC,25
2022,12,10,20:00,UTC,25
2022,12,10,21:00,UTC,25
2022,12,10,22:00,UTC,25
2022,12,10,23:00,UTC,25
2022,12,11,00:00,UTC,25
2022,12,11,01:00,UTC,25
2022,12,11,02:00,UTC,25
2022,12,11,03:00,UTC,24
2022,12,11,04:00,UTC,25
2022,12,11,05:00,UTC,25
2022,12,11,06:00,UTC,25
2022,12,11,07:00,UTC,25
2022,12,11,08:00,UTC,25
2022,12,11,09:00,UTC,25
2022,12,11,10:00,UTC,25
2022,12,11,11:00,UTC,25
2022,12,11,12:00,UTC,25
2022,12,11,13:00,UTC,25
2022,12,11,14:00,UTC,25
2022,12,11,15:00,UTC,24
2022,12,11,16:00,UTC,24
2022,12,11,17:00,UTC,25
2022,12,11,18:00,UTC,25
2022,12,11,19:00,UTC,25
2022,12,11,20:00,UTC,25
2022,12,11,21:00,UTC,25
2022,12,11,22:00,UTC,25
2022,12,11,23:00,UTC,25
2022,12,12,00:00,UTC,25
2022,12,12,01:00,UTC,24
2022,12,12,02:00,UTC,23
2022,12,12,03:00,UTC,24
2022,12,12,04:00,UTC,24
2022,12,12,05:00,UTC,24
2022,12,12,06:00,UTC,24
2022,12,12,07:00,UTC,24
2022,12,12,08:00,UTC,24
2022,12,12,09:00,UTC,24
2022,12,12,10:00,UTC,24
2022,12,12,11:00,UTC,24
2022,12,12,12:00,UTC,24
2022,12,12,13:00,UTC,24
2022,12,12,14:00,UTC,23
2022,12,12,15:00,UTC,24
2022,12,12,16:00,UTC,24
2022,12,12,17:00,UTC,24
2022,12,12,18:00,UTC,24
2022,12,12,19:00,UTC,24
2022,12,12,20:00,UTC,24
2022,12,12,21:00,UTC,24
2022,12,12,22:00,UTC,24
2022,12,12,23:00,UTC,24
2022,12,13,00:00,UTC,24
2022,12,13,01:00,UTC,24
2022,12,13,02:00,UTC,25
2022,12,13,03:00,UTC,25
2022,12,13,04:00,UTC,25
2022,12,13,05:00,UTC,25
2022,12,13,06:00,UTC,25
2022,12,13,07:00,UTC,24
2022,12,13,08:00,UTC,24
2022,12,13,09:00,UTC,24
2022,12,13,10:00,UTC,24
2022,12,13,11:00,UTC,25
2022,12,13,12:00,UTC,24
2022,12,13,13:00,UTC,25
2022,12,13,14:00,UTC,27
2022,12,13,15:00,UTC,27
2022,12,13,16:00,UTC,27
2022,12,13,17:00,UTC,27
2022,12,13,18:00,UTC,27
2022,12,13,19:00,UTC,28
2022,12,13,20:00,UTC,28
2022,12,13,21:00,UTC,28
2022,12,13,22:00,UTC,28
2022,12,13,23:00,UTC,28
2022,12,14,00:00,UTC,28
2022,12,14,01:00,UTC,29
2022,12,14,02:00,UTC,28
2022,12,14,03:00,UTC,30
2022,12,14,04:00,UTC,30
2022,12,14,05:00,UTC,30
2022,12,14,06:00,UTC,29
2022,12,14,07:00,UTC,29
2022,12,14,08:00,UTC,30
2022,12,14,09:00,UTC,30
2022,12,14,10:00,UTC,30
2022,12,14,11:00,UTC,29
2022,12,14,12:00,UTC,29
2022,12,14,13:00,UTC,29
2022,12,14,14:00,UTC,30
2022,12,14,15:00,UTC,29
2022,12,14,16:00,UTC,29
2022,12,14,17:00,UTC,29
2022,12,14,18:00,UTC,29
2022,12,14,19:00,UTC,29
2022,12,14,20:00,UTC,29
2022,12,14,21:00,UTC,29
2022,12,14,22:00,UTC,28
2022,12,14,23:00,UTC,28
2022,12,15,00:00,UTC,28
2022,12,15,01:00,UTC,29
2022,12,15,02:00,UTC,29
2022,12,15,03:00,UTC,29
2022,12,15,04:00,UTC,29
2022,12,15,05:00,UTC,29
2022,12,15,06:00,UTC,28
2022,12,15,07:00,UTC,29
2022,12,15,08:00,UTC,34
2022,12,15,09:00,UTC,36
2022,12,15,10:00,UTC,37
2022,12,15,11:00,UTC,36
2022,12,15,12:00,UTC,36
2022,12,15,13:00,UTC,36
2022,12,15,14:00,UTC,36
2022,12,15,15:00,UTC,36
2022,12,15,16:00,UTC,36
2022,12,15,17:00,UTC,36
2022,12,15,18:00,UTC,35
2022,12,15,19:00,UTC,35
2022,12,15,20:00,UTC,34
2022,12,15,21:00,UTC,35
2022,12,15,22:00,UTC,34
2022,12,15,23:00,UTC,34
2022,12,16,00:00,UTC,34
2022,12,16,01:00,UTC,34
2022,12,16,02:00,UTC,34
2022,12,16,03:00,UTC,34
2022,12,16,04:00,UTC,36
2022,12,16,05:00,UTC,36
2022,12,16,06:00,UTC,35
2022,12,16,07:00,UTC,40
2022,12,16,08:00,UTC,42
2022,12,16,09:00,UTC,44
2022,12,16,10:00,UTC,47
2022,12,16,11:00,UTC,48
2022,12,16,12:00,UTC,49
2022,12,16,13:00,UTC,50
2022,12,16,14:00,UTC,49
2022,12,16,15:00,UTC,48
2022,12,16,16:00,UTC,48
2022,12,16,17:00,UTC,48
2022,12,16,18:00,UTC,48
2022,12,16,19:00,UTC,48
2022,12,16,20:00,UTC,47
2022,12,16,21:00,UTC,47
2022,12,16,22:00,UTC,47
2022,12,16,23:00,UTC,47
2022,12,17,00:00,UTC,47
2022,12,17,01:00,UTC,47
2022,12,17,02:00,UTC,46
2022,12,17,03:00,UTC,46
2022,12,17,04:00,UTC,46
2022,12,17,05:00,UTC,46
2022,12,17,06:00,UTC,46
2022,12,17,07:00,UTC,46
2022,12,17,08:00,UTC,46
2022,12,17,09:00,UTC,46
2022,12,17,10:00,UTC,45
2022,12,17,11:00,UTC,45
2022,12,17,12:00,UTC,45
2022,12,17,13:00,UTC,45
2022,12,17,14:00,UTC,44
2022,12,17,15:00,UTC,44
2022,12,17,16:00,UTC,45
2022,12,17,17:00,UTC,44
2022,12,17,18:00,UTC,44
2022,12,17,19:00,UTC,44
2022,12,17,20:00,UTC,44
2022,12,17,21:00,UTC,44
2022,12,17,22:00,UTC,44
2022,12,17,23:00,UTC,43
2022,12,18,00:00,UTC,43
2022,12,18,01:00,UTC,43
2022,12,18,02:00,UTC,43
2022,12,18,03:00,UTC,43
2022,12,18,04:00,UTC,42
2022,12,18,05:00,UTC,42
2022,12,18,06:00,UTC,42
2022,12,18,07:00,UTC,42
2022,12,18,08:00,UTC,43
2022,12,18,09:00,UTC,43
2022,12,18,10:00,UTC,43
2022,12,18,11:00,UTC,42
2022,12,18,12:00,UTC,42
2022,12,18,13:00,UTC,42
2022,12,18,14:00,UTC,42
2022,12,18,15:00,UTC,42
2022,12,18,16:00,UTC,42
2022,12,18,17:00,UTC,42
2022,12,18,18:00,UTC,42
2022,12,18,19:00,UTC,42
2022,12,18,20:00,UTC,42
2022,12,18,21:00,UTC,42
2022,12,18,22:00,UTC,42
2022,12,18,23:00,UTC,42
2022,12,19,00:00,UTC,43
2022,12,19,01:00,UTC,43
2022,12,19,02:00,UTC,43
2022,12,19,03:00,UTC,43
2022,12,19,04:00,UTC,43
2022,12,19,05:00,UTC,43
2022,12,19,06:00,UTC,43
2022,12,19,07:00,UTC,42
2022,12,19,08:00,UTC,42
2022,12,19,09:00,UTC,42
2022,12,19,10:00,UTC,42
2022,12,19,11:00,UTC,42
2022,12,19,12:00,UTC,42
2022,12,19,13:00,UTC,42
2022,12,19,14:00,UTC,42
2022,12,19,15:00,UTC,42
2022,12,19,16:00,UTC,42
2022,12,19,17:00,UTC,41
2022,12,19,18:00,UTC,41
2022,12,19,19:00,UTC,41
2022,12,19,20:00,UTC,41
2022,12,19,21:00,UTC,41
2022,12,19,22:00,UTC,41
2022,12,19,23:00,UTC,41
2022,12,20,00:00,UTC,41
2022,12,20,01:00,UTC,41
2022,12,20,02:00,UTC,41
2022,12,20,03:00,UTC,41
2022,12,20,04:00,UTC,40
2022,12,20,05:00,UTC,40
2022,12,20,06:00,UTC,41
2022,12,20,07:00,UTC,41
2022,12,20,08:00,UTC,41
2022,12,20,09:00,UTC,41
2022,12,20,10:00,UTC,41
2022,12,20,11:00,UTC,40
2022,12,20,12:00,UTC,40
2022,12,20,13:00,UTC,40
2022,12,20,14:00,UTC,40
2022,12,20,15:00,UTC,40
2022,12,20,16:00,UTC,40
2022,12,20,17:00,UTC,40
2022,12,20,18:00,UTC,40
2022,12,20,19:00,UTC,41
2022,12,20,20:00,UTC,41
2022,12,20,21:00,UTC,41
2022,12,20,22:00,UTC,42
2022,12,20,23:00,UTC,42
2022,12,21,00:00,UTC,42
2022,12,21,01:00,UTC,42
2022,12,21,02:00,UTC,42
2022,12,21,03:00,UTC,42
2022,12,21,04:00,UTC,42
2022,12,21,05:00,UTC,42
2022,12,21,06:00,UTC,41
2022,12,21,07:00,UTC,41
2022,12,21,08:00,UTC,41
2022,12,21,09:00,UTC,41
2022,12,21,10:00,UTC,41
2022,12,21,11:00,UTC,41
2022,12,21,12:00,UTC,41
2022,12,21,13:00,UTC,41
2022,12,21,14:00,UTC,41
2022,12,21,15:00,UTC,41
2022,12,21,16:00,UTC,41
2022,12,21,17:00,UTC,41
2022,12,21,18:00,UTC,41
2022,12,21,19:00,UTC,41
2022,12,21,20:00,UTC,41
2022,12,21,21:00,UTC,41
2022,12,21,22:00,UTC,40
2022,12,21,23:00,UTC,40
2022,12,22,00:00,UTC,40
2022,12,22,01:00,UTC,40
2022,12,22,02:00,UTC,40
2022,12,22,03:00,UTC,40
2022,12,22,04:00,UTC,40
2022,12,22,05:00,UTC,40
2022,12,22,06:00,UTC,40
2022,12,22,07:00,UTC,40
2022,12,22,08:00,UTC,40
2022,12,22,09:00,UTC,40
2022,12,22,10:00,UTC,40
2022,12,22,11:00,UTC,41
2022,12,22,12:00,UTC,41
2022,12,22,13:00,UTC,42
2022,12,22,14:00,UTC,42
2022,12,22,15:00,UTC,42
2022,12,22,16:00,UTC,42
2022,12,22,17:00,UTC,42
2022,12,22,18:00,UTC,42
2022,12,22,19:00,UTC,42
2022,12,22,20:00,UTC,42
2022,12,22,21:00,UTC,42
2022,12,22,22:00,UTC,42
2022,12,22,23:00,UTC,42
2022,12,23,00:00,UTC,42
2022,12,23,01:00,UTC,42
2022,12,23,02:00,UTC,42
2022,12,23,03:00,UTC,44
2022,12,23,04:00,UTC,47
2022,12,23,05:00,UTC,47
2022,12,23,06:00,UTC,47
2022,12,23,07:00,UTC,47
2022,12,23,08:00,UTC,49
2022,12,23,09:00,UTC,49
2022,12,23,10:00,UTC,48
2022,12,23,11:00,UTC,48
2022,12,23,12:00,UTC,49
2022,12,23,13:00,UTC,48
2022,12,23,14:00,UTC,48
2022,12,23,15:00,UTC,48
2022,12,23,16:00,UTC,47
2022,12,23,17:00,UTC,48
2022,12,23,18:00,UTC,48
2022,12,23,19:00,UTC,48
2022,12,23,20:00,UTC,48
2022,12,23,21:00,UTC,48
2022,12,23,22:00,UTC,48
2022,12,23,23:00,UTC,48
2022,12,24,00:00,UTC,48
2022,12,24,01:00,UTC,48
2022,12,24,02:00,UTC,47
2022,12,24,03:00,UTC,47
2022,12,24,04:00,UTC,47
2022,12,24,05:00,UTC,47
2022,12,24,06:00,UTC,47
2022,12,24,07:00,UTC,47
2022,12,24,08:00,UTC,47
2022,12,24,09:00,UTC,46
2022,12,24,10:00,UTC,47
2022,12,24,11:00,UTC,47
2022,12,24,12:00,UTC,46
2022,12,24,13:00,UTC,47
2022,12,24,14:00,UTC,47
2022,12,24,15:00,UTC,47
2022,12,24,16:00,UTC,47
2022,12,24,17:00,UTC,47
2022,12,24,18:00,UTC,47
2022,12,24,19:00,UTC,46
2022,12,24,20:00,UTC,46
2022,12,24,21:00,UTC,46
2022,12,24,22:00,UTC,46
2022,12,24,23:00,UTC,46
2022,12,25,00:00,UTC,46
2022,12,25,01:00,UTC,46
2022,12,25,02:00,UTC,46
2022,12,25,03:00,UTC,45
2022,12,25,04:00,UTC,45
2022,12,25,05:00,UTC,45
2022,12,25,06:00,UTC,44
2022,12,25,07:00,UTC,44
2022,12,25,08:00,UTC,45
2022,12,25,09:00,UTC,45
2022,12,25,10:00,UTC,45
2022,12,25,11:00,UTC,45
2022,12,25,12:00,UTC,45
2022,12,25,13:00,UTC,45
2022,12,25,14:00,UTC,45
2022,12,25,15:00,UTC,45
2022,12,25,16:00,UTC,44
2022,12,25,17:00,UTC,45
2022,12,25,18:00,UTC,45
2022,12,25,19:00,UTC,45
2022,12,25,20:00,UTC,44
2022,12,25,21:00,UTC,44
2022,12,25,22:00,UTC,44
2022,12,25,23:00,UTC,44
2022,12,26,00:00,UTC,44
2022,12,26,01:00,UTC,44
2022,12,26,02:00,UTC,44
2022,12,26,03:00,UTC,44
2022,12,26,04:00,UTC,44
2022,12,26,05:00,UTC,44
2022,12,26,06:00,UTC,45
2022,12,26,07:00,UTC,45
2022,12,26,08:00,UTC,45
2022,12,26,09:00,UTC,47
2022,12,26,10:00,UTC,47
2022,12,26,11:00,UTC,47
2022,12,26,12:00,UTC,48
2022,12,26,13:00,UTC,48
2022,12,26,14:00,UTC,48
2022,12,26,15:00,UTC,47
2022,12,26,16:00,UTC,47
2022,12,26,17:00,UTC,47
2022,12,26,18:00,UTC,47
2022,12,26,19:00,UTC,47
2022,12,26,20:00,UTC,47
2022,12,26,21:00,UTC,47
2022,12,26,22:00,UTC,47
2022,12,26,23:00,UTC,47
2022,12,27,00:00,UTC,46
2022,12,27,01:00,UTC,46
2022,12,27,02:00,UTC,46
2022,12,27,03:00,UTC,46
2022,12,27,04:00,UTC,46
2022,12,27,05:00,UTC,46
2022,12,27,06:00,UTC,46
2022,12,27,07:00,UTC,46
2022,12,27,08:00,UTC,46
2022,12,27,09:00,UTC,46
2022,12,27,10:00,UTC,46
2022,12,27,11:00,UTC,46
2022,12,27,12:00,UTC,46
2022,12,27,13:00,UTC,45
2022,12,27,14:00,UTC,45
2022,12,27,15:00,UTC,45
2022,12,27,16:00,UTC,45
2022,12,27,17:00,UTC,45
2022,12,27,18:00,UTC,45
2022,12,27,19:00,UTC,45
2022,12,27,20:00,UTC,45
2022,12,27,21:00,UTC,45
2022,12,27,22:00,UTC,46
2022,12,27,23:00,UTC,46
2022,12,28,00:00,UTC,46
2022,12,28,01:00,UTC,46
2022,12,28,02:00,UTC,46
2022,12,28,03:00,UTC,46
2022,12,28,04:00,UTC,46
2022,12,28,05:00,UTC,46
2022,12,28,06:00,UTC,46
2022,12,28,07:00,UTC,46
2022,12,28,08:00,UTC,46
2022,12,28,09:00,UTC,46
2022,12,28,10:00,UTC,47
2022,12,28,11:00,UTC,47
2022,12,28,12:00,UTC,47
2022,12,28,13:00,UTC,48
2022,12,28,14:00,UTC,48
2022,12,28,15:00,UTC,48
2022,12,28,16:00,UTC,48
2022,12,28,17:00,UTC,48
2022,12,28,18:00,UTC,48
2022,12,28,19:00,UTC,49
2022,12,28,20:00,UTC,48
2022,12,28,21:00,UTC,48
2022,12,28,22:00,UTC,48
2022,12,28,23:00,UTC,48
2022,12,29,00:00,UTC,48
2022,12,29,01:00,UTC,48
2022,12,29,02:00,UTC,48
2022,12,29,03:00,UTC,48
2022,12,29,04:00,UTC,48
2022,12,29,05:00,UTC,48
2022,12,29,06:00,UTC,47
2022,12,29,07:00,UTC,47
2022,12,29,08:00,UTC,47
2022,12,29,09:00,UTC,47
2022,12,29,10:00,UTC,47
2022,12,29,11:00,UTC,47
2022,12,29,12:00,UTC,47
2022,12,29,13:00,UTC,47
2022,12,29,14:00,UTC,47
2022,12,29,15:00,UTC,47
2022,12,29,16:00,UTC,47
2022,12,29,17:00,UTC,47
2022,12,29,18:00,UTC,47
2022,12,29,19:00,UTC,47
2022,12,29,20:00,UTC,46
2022,12,29,21:00,UTC,46
2022,12,29,22:00,UTC,46
2022,12,29,23:00,UTC,46
2022,12,30,00:00,UTC,46
2022,12,30,01:00,UTC,46
2022,12,30,02:00,UTC,46
2022,12,30,03:00,UTC,46
2022,12,30,04:00,UTC,46
2022,12,30,05:00,UTC,46
2022,12,30,06:00,UTC,46
2022,12,30,07:00,UTC,-
2022,12,30,08:00,UTC,-
2022,12,30,09:00,UTC,-
2022,12,30,10:00,UTC,46
2022,12,30,11:00,UTC,46
2022,12,30,12:00,UTC,46
2022,12,30,13:00,UTC,46
2022,12,30,14:00,UTC,46
2022,12,30,15:00,UTC,46
2022,12,30,16:00,UTC,47
2022,12,30,17:00,UTC,47
2022,12,30,18:00,UTC,47
2022,12,30,19:00,UTC,47
2022,12,30,20:00,UTC,47
2022,12,30,21:00,UTC,46
2022,12,30,22:00,UTC,46
2022,12,30,23:00,UTC,47
2022,12,31,00:00,UTC,48
2022,12,31,01:00,UTC,48
2022,12,31,02:00,UTC,48
2022,12,31,03:00,UTC,48
2022,12,31,04:00,UTC,48
2022,12,31,05:00,UTC,48
2022,12,31,06:00,UTC,48
2022,12,31,07:00,UTC,48
2022,12,31,08:00,UTC,48
2022,12,31,09:00,UTC,48
2022,12,31,10:00,UTC,48
2022,12,31,11:00,UTC,48
2022,12,31,12:00,UTC,47
2022,12,31,13:00,UTC,47
2022,12,31,14:00,UTC,47
2022,12,31,15:00,UTC,47
2022,12,31,16:00,UTC,47
2022,12,31,17:00,UTC,48
2022,12,31,18:00,UTC,48
2022,12,31,19:00,UTC,49
2022,12,31,20:00,UTC,49
2022,12,31,21:00,UTC,49
2022,12,31,22:00,UTC,49
2022,12,31,23:00,UTC,49
2023,1,1,00:00,UTC,49
2023,1,1,01:00,UTC,50
2023,1,1,02:00,UTC,50
2023,1,1,03:00,UTC,51
2023,1,1,04:00,UTC,51
2023,1,1,05:00,UTC,51
2023,1,1,06:00,UTC,52
2023,1,1,07:00,UTC,52
2023,1,1,08:00,UTC,53
2023,1,1,09:00,UTC,52
2023,1,1,10:00,UTC,53
2023,1,1,11:00,UTC,52
2023,1,1,12:00,UTC,53
2023,1,1,13:00,UTC,54
2023,1,1,14:00,UTC,54
2023,1,1,15:00,UTC,55
2023,1,1,16:00,UTC,55
2023,1,1,17:00,UTC,55
2023,1,1,18:00,UTC,55
2023,1,1,19:00,UTC,55
2023,1,1,20:00,UTC,55
2023,1,1,21:00,UTC,55
2023,1,1,22:00,UTC,55
2023,1,1,23:00,UTC,54
2023,1,2,00:00,UTC,54
2023,1,2,01:00,UTC,54
2023,1,2,02:00,UTC,54
2023,1,2,03:00,UTC,54
2023,1,2,04:00,UTC,54
2023,1,2,05:00,UTC,54
2023,1,2,06:00,UTC,54
2023,1,2,07:00,UTC,54
2023,1,2,08:00,UTC,54
2023,1,2,09:00,UTC,54
2023,1,2,10:00,UTC,53
2023,1,2,11:00,UTC,53
2023,1,2,12:00,UTC,53
2023,1,2,13:00,UTC,53
2023,1,2,14:00,UTC,53
2023,1,2,15:00,UTC,53
2023,1,2,16:00,UTC,53
2023,1,2,17:00,UTC,53
2023,1,2,18:00,UTC,53
2023,1,2,19:00,UTC,53
2023,1,2,20:00,UTC,53
2023,1,2,21:00,UTC,53
2023,1,2,22:00,UTC,53
2023,1,2,23:00,UTC,53
2023,1,3,00:00,UTC,53
2023,1,3,01:00,UTC,53
2023,1,3,02:00,UTC,53
2023,1,3,03:00,UTC,53
2023,1,3,04:00,UTC,52
2023,1,3,05:00,UTC,52
2023,1,3,06:00,UTC,52
2023,1,3,07:00,UTC,52
2023,1,3,08:00,UTC,52
2023,1,3,09:00,UTC,52
2023,1,3,10:00,UTC,52
2023,1,3,11:00,UTC,52
2023,1,3,12:00,UTC,51
2023,1,3,13:00,UTC,51
2023,1,3,14:00,UTC,51
2023,1,3,15:00,UTC,51
2023,1,3,16:00,UTC,51
2023,1,3,17:00,UTC,51
2023,1,3,18:00,UTC,51
2023,1,3,19:00,UTC,51
2023,1,3,20:00,UTC,51
2023,1,3,21:00,UTC,51
2023,1,3,22:00,UTC,51
2023,1,3,23:00,UTC,51
2023,1,4,00:00,UTC,50
2023,1,4,01:00,UTC,51
2023,1,4,02:00,UTC,51
2023,1,4,03:00,UTC,51
2023,1,4,04:00,UTC,51
2023,1,4,05:00,UTC,51
2023,1,4,06:00,UTC,51
2023,1,4,07:00,UTC,51
2023,1,4,08:00,UTC,51
2023,1,4,09:00,UTC,51
2023,1,4,10:00,UTC,51
2023,1,4,11:00,UTC,51
2023,1,4,12:00,UTC,51
2023,1,4,13:00,UTC,51
2023,1,4,14:00,UTC,51
2023,1,4,15:00,UTC,51
2023,1,4,16:00,UTC,51
2023,1,4,17:00,UTC,51
2023,1,4,18:00,UTC,50
2023,1,4,19:00,UTC,50
2023,1,4,20:00,UTC,50
2023,1,4,21:00,UTC,50
2023,1,4,22:00,UTC,50
2023,1,4,23:00,UTC,50
2023,1,5,00:00,UTC,50
2023,1,5,01:00,UTC,50
2023,1,5,02:00,UTC,50
2023,1,5,03:00,UTC,50
2023,1,5,04:00,UTC,50
2023,1,5,05:00,UTC,50
2023,1,5,06:00,UTC,50
2023,1,5,07:00,UTC,50
2023,1,5,08:00,UTC,50
2023,1,5,09:00,UTC,50
2023,1,5,10:00,UTC,50
2023,1,5,11:00,UTC,50
2023,1,5,12:00,UTC,49
2023,1,5,13:00,UTC,49
2023,1,5,14:00,UTC,49
2023,1,5,15:00,UTC,49
2023,1,5,16:00,UTC,49
2023,1,5,17:00,UTC,49
2023,1,5,18:00,UTC,49
2023,1,5,19:00,UTC,49
2023,1,5,20:00,UTC,49
2023,1,5,21:00,UTC,49
2023,1,5,22:00,UTC,49
2023,1,5,23:00,UTC,49
2023,1,6,00:00,UTC,49
2023,1,6,01:00,UTC,49
2023,1,6,02:00,UTC,49
2023,1,6,03:00,UTC,49
2023,1,6,04:00,UTC,49
2023,1,6,05:00,UTC,48
2023,1,6,06:00,UTC,48
2023,1,6,07:00,UTC,48
2023,1,6,08:00,UTC,48
2023,1,6,09:00,UTC,48
2023,1,6,10:00,UTC,48
2023,1,6,11:00,UTC,48
2023,1,6,12:00,UTC,48
2023,1,6,13:00,UTC,48
2023,1,6,14:00,UTC,48
2023,1,6,15:00,UTC,48
2023,1,6,16:00,UTC,48
2023,1,6,17:00,UTC,48
2023,1,6,18:00,UTC,48
2023,1,6,19:00,UTC,48
2023,1,6,20:00,UTC,48
2023,1,6,21:00,UTC,48
2023,1,6,22:00,UTC,48
2023,1,6,23:00,UTC,48
2023,1,7,00:00,UTC,48
2023,1,7,01:00,UTC,48
2023,1,7,02:00,UTC,48
2023,1,7,03:00,UTC,48
2023,1,7,04:00,UTC,48
2023,1,7,05:00,UTC,48
2023,1,7,06:00,UTC,48
2023,1,7,07:00,UTC,48
2023,1,7,08:00,UTC,48
2023,1,7,09:00,UTC,48
2023,1,7,10:00,UTC,48
2023,1,7,11:00,UTC,48
2023,1,7,12:00,UTC,48
2023,1,7,13:00,UTC,48
2023,1,7,14:00,UTC,48
2023,1,7,15:00,UTC,48
2023,1,7,16:00,UTC,48
2023,1,7,17:00,UTC,48
2023,1,7,18:00,UTC,48
2023,1,7,19:00,UTC,48
2023,1,7,20:00,UTC,48
2023,1,7,21:00,UTC,48
2023,1,7,22:00,UTC,48
2023,1,7,23:00,UTC,48
2023,1,8,00:00,UTC,48
2023,1,8,01:00,UTC,48
2023,1,8,02:00,UTC,48
2023,1,8,03:00,UTC,48
2023,1,8,04:00,UTC,48
2023,1,8,05:00,UTC,48
2023,1,8,06:00,UTC,48
2023,1,8,07:00,UTC,48
2023,1,8,08:00,UTC,48
2023,1,8,09:00,UTC,48
2023,1,8,10:00,UTC,48
2023,1,8,11:00,UTC,48
2023,1,8,12:00,UTC,48
2023,1,8,13:00,UTC,48
2023,1,8,14:00,UTC,49
2023,1,8,15:00,UTC,49
2023,1,8,16:00,UTC,49
2023,1,8,17:00,UTC,49
2023,1,8,18:00,UTC,49
2023,1,8,19:00,UTC,49
2023,1,8,20:00,UTC,49
2023,1,8,21:00,UTC,49
2023,1,8,22:00,UTC,49
2023,1,8,23:00,UTC,49
2023,1,9,00:00,UTC,50
2023,1,9,01:00,UTC,50
2023,1,9,02:00,UTC,50
2023,1,9,03:00,UTC,51
2023,1,9,04:00,UTC,51
2023,1,9,05:00,UTC,51
2023,1,9,06:00,UTC,51
2023,1,9,07:00,UTC,51
2023,1,9,08:00,UTC,52
2023,1,9,09:00,UTC,52
2023,1,9,10:00,UTC,52
2023,1,9,11:00,UTC,52
2023,1,9,12:00,UTC,53
2023,1,9,13:00,UTC,53
2023,1,9,14:00,UTC,53
2023,1,9,15:00,UTC,52
2023,1,9,16:00,UTC,52
2023,1,9,17:00,UTC,52
2023,1,9,18:00,UTC,52
2023,1,9,19:00,UTC,52
2023,1,9,20:00,UTC,52
2023,1,9,21:00,UTC,52
2023,1,9,22:00,UTC,52
2023,1,9,23:00,UTC,53
2023,1,10,00:00,UTC,53
2023,1,10,01:00,UTC,53
2023,1,10,02:00,UTC,53
2023,1,10,03:00,UTC,53
2023,1,10,04:00,UTC,52
2023,1,10,05:00,UTC,52
2023,1,10,06:00,UTC,53
2023,1,10,07:00,UTC,53
2023,1,10,08:00,UTC,52
2023,1,10,09:00,UTC,52
2023,1,10,10:00,UTC,52
2023,1,10,11:00,UTC,52
2023,1,10,12:00,UTC,52
2023,1,10,13:00,UTC,52
2023,1,10,14:00,UTC,52
2023,1,10,15:00,UTC,52
2023,1,10,16:00,UTC,52
2023,1,10,17:00,UTC,52
2023,1,10,18:00,UTC,52
2023,1,10,19:00,UTC,52
2023,1,10,20:00,UTC,52
2023,1,10,21:00,UTC,52
2023,1,10,22:00,UTC,52
2023,1,10,23:00,UTC,52
2023,1,11,00:00,UTC,52
2023,1,11,01:00,UTC,53
2023,1,11,02:00,UTC,53
2023,1,11,03:00,UTC,53
2023,1,11,04:00,UTC,53
2023,1,11,05:00,UTC,53
2023,1,11,06:00,UTC,53
2023,1,11,07:00,UTC,53
2023,1,11,08:00,UTC,53
2023,1,11,09:00,UTC,53
2023,1,11,10:00,UTC,53
2023,1,11,11:00,UTC,53
2023,1,11,12:00,UTC,53
2023,1,11,13:00,UTC,53
2023,1,11,14:00,UTC,53
2023,1,11,15:00,UTC,53
2023,1,11,16:00,UTC,53
2023,1,11,17:00,UTC,53
2023,1,11,18:00,UTC,53
2023,1,11,19:00,UTC,53
2023,1,11,20:00,UTC,54
2023,1,11,21:00,UTC,54
2023,1,11,22:00,UTC,55
2023,1,11,23:00,UTC,55
2023,1,12,00:00,UTC,56
2023,1,12,01:00,UTC,56
2023,1,12,02:00,UTC,56
2023,1,12,03:00,UTC,55
2023,1,12,04:00,UTC,56
2023,1,12,05:00,UTC,56
2023,1,12,06:00,UTC,55
2023,1,12,07:00,UTC,56
2023,1,12,08:00,UTC,56
2023,1,12,09:00,UTC,56
2023,1,12,10:00,UTC,56
2023,1,12,11:00,UTC,56
2023,1,12,12:00,UTC,56
2023,1,12,13:00,UTC,56
2023,1,12,14:00,UTC,56
2023,1,12,15:00,UTC,55
2023,1,12,16:00,UTC,55
2023,1,12,17:00,UTC,55
2023,1,12,18:00,UTC,55
2023,1,12,19:00,UTC,55
2023,1,12,20:00,UTC,55
2023,1,12,21:00,UTC,55
2023,1,12,22:00,UTC,55
2023,1,12,23:00,UTC,55
2023,1,13,00:00,UTC,54
2023,1,13,01:00,UTC,55
2023,1,13,02:00,UTC,55
2023,1,13,03:00,UTC,55
2023,1,13,04:00,UTC,55
2023,1,13,05:00,UTC,56
2023,1,13,06:00,UTC,56
2023,1,13,07:00,UTC,55
2023,1,13,08:00,UTC,55
2023,1,13,09:00,UTC,56
2023,1,13,10:00,UTC,55
2023,1,13,11:00,UTC,56
2023,1,13,12:00,UTC,56
2023,1,13,13:00,UTC,56
2023,1,13,14:00,UTC,55
2023,1,13,15:00,UTC,55
2023,1,13,16:00,UTC,55
2023,1,13,17:00,UTC,55
2023,1,13,18:00,UTC,55
2023,1,13,19:00,UTC,55
2023,1,13,20:00,UTC,55
2023,1,13,21:00,UTC,55
2023,1,13,22:00,UTC,55
2023,1,13,23:00,UTC,55
2023,1,14,00:00,UTC,55
2023,1,14,01:00,UTC,55
2023,1,14,02:00,UTC,55
2023,1,14,03:00,UTC,54
2023,1,14,04:00,UTC,54
2023,1,14,05:00,UTC,55
2023,1,14,06:00,UTC,54
2023,1,14,07:00,UTC,55
2023,1,14,08:00,UTC,55
2023,1,14,09:00,UTC,55
2023,1,14,10:00,UTC,56
2023,1,14,11:00,UTC,55
2023,1,14,12:00,UTC,55
2023,1,14,13:00,UTC,55
2023,1,14,14:00,UTC,55
2023,1,14,15:00,UTC,54
2023,1,14,16:00,UTC,55
2023,1,14,17:00,UTC,55
2023,1,14,18:00,UTC,54
2023,1,14,19:00,UTC,55
2023,1,14,20:00,UTC,55
2023,1,14,21:00,UTC,55
2023,1,14,22:00,UTC,55
2023,1,14,23:00,UTC,55
2023,1,15,00:00,UTC,55
2023,1,15,01:00,UTC,55
2023,1,15,02:00,UTC,55
2023,1,15,03:00,UTC,55
2023,1,15,04:00,UTC,54
2023,1,15,05:00,UTC,54
2023,1,15,06:00,UTC,55
2023,1,15,07:00,UTC,55
2023,1,15,08:00,UTC,55
2023,1,15,09:00,UTC,55
2023,1,15,10:00,UTC,55
2023,1,15,11:00,UTC,55
2023,1,15,12:00,UTC,55
2023,1,15,13:00,UTC,55
2023,1,15,14:00,UTC,55
2023,1,15,15:00,UTC,55
2023,1,15,16:00,UTC,55
2023,1,15,17:00,UTC,55
2023,1,15,18:00,UTC,54
2023,1,15,19:00,UTC,56
2023,1,15,20:00,UTC,57
2023,1,15,21:00,UTC,57
2023,1,15,22:00,UTC,57
2023,1,15,23:00,UTC,57
2023,1,16,00:00,UTC,60
2023,1,16,01:00,UTC,61
2023,1,16,02:00,UTC,62
2023,1,16,03:00,UTC,63
2023,1,16,04:00,UTC,62
2023,1,16,05:00,UTC,61
2023,1,16,06:00,UTC,61
2023,1,16,07:00,UTC,62
2023,1,16,08:00,UTC,62
2023,1,16,09:00,UTC,62
2023,1,16,10:00,UTC,62
2023,1,16,11:00,UTC,61
2023,1,16,12:00,UTC,61
2023,1,16,13:00,UTC,62
2023,1,16,14:00,UTC,62
2023,1,16,15:00,UTC,63
2023,1,16,16:00,UTC,62
2023,1,16,17:00,UTC,62
2023,1,16,18:00,UTC,63
2023,1,16,19:00,UTC,62
2023,1,16,20:00,UTC,62
2023,1,16,21:00,UTC,63
2023,1,16,22:00,UTC,63
2023,1,16,23:00,UTC,64
2023,1,17,00:00,UTC,64
2023,1,17,01:00,UTC,64
2023,1,17,02:00,UTC,63
2023,1,17,03:00,UTC,63
2023,1,17,04:00,UTC,63
2023,1,17,05:00,UTC,63
2023,1,17,06:00,UTC,63
2023,1,17,07:00,UTC,63
2023,1,17,08:00,UTC,63
2023,1,17,09:00,UTC,63
2023,1,17,10:00,UTC,62
2023,1,17,11:00,UTC,63
2023,1,17,12:00,UTC,63
2023,1,17,13:00,UTC,63
2023,1,17,14:00,UTC,63
2023,1,17,15:00,UTC,63
2023,1,17,16:00,UTC,63
2023,1,17,17:00,UTC,63
2023,1,17,18:00,UTC,63
2023,1,17,19:00,UTC,62
2023,1,17,20:00,UTC,62
2023,1,17,21:00,UTC,62
2023,1,17,22:00,UTC,62
2023,1,17,23:00,UTC,62
2023,1,18,00:00,UTC,62
2023,1,18,01:00,UTC,62
2023,1,18,02:00,UTC,62
2023,1,18,03:00,UTC,62
2023,1,18,04:00,UTC,62
2023,1,18,05:00,UTC,62
2023,1,18,06:00,UTC,62
2023,1,18,07:00,UTC,62
2023,1,18,08:00,UTC,62
2023,1,18,09:00,UTC,62
2023,1,18,10:00,UTC,62
2023,1,18,11:00,UTC,63
2023,1,18,12:00,UTC,63
2023,1,18,13:00,UTC,63
2023,1,18,14:00,UTC,64
2023,1,18,15:00,UTC,64
2023,1,18,16:00,UTC,65
2023,1,18,17:00,UTC,67
2023,1,18,18:00,UTC,67
2023,1,18,19:00,UTC,67
2023,1,18,20:00,UTC,66
2023,1,18,21:00,UTC,67
2023,1,18,22:00,UTC,67
2023,1,18,23:00,UTC,67
2023,1,19,00:00,UTC,67
2023,1,19,01:00,UTC,67
2023,1,19,02:00,UTC,67
2023,1,19,03:00,UTC,67
2023,1,19,04:00,UTC,67
2023,1,19,05:00,UTC,67
2023,1,19,06:00,UTC,66
2023,1,19,07:00,UTC,66
2023,1,19,08:00,UTC,66
2023,1,19,09:00,UTC,66
2023,1,19,10:00,UTC,66
2023,1,19,11:00,UTC,66
2023,1,19,12:00,UTC,66
2023,1,19,13:00,UTC,66
2023,1,19,14:00,UTC,66
2023,1,19,15:00,UTC,66
2023,1,19,16:00,UTC,66
2023,1,19,17:00,UTC,65
2023,1,19,18:00,UTC,65
2023,1,19,19:00,UTC,65
2023,1,19,20:00,UTC,66
2023,1,19,21:00,UTC,66
2023,1,19,22:00,UTC,65
2023,1,19,23:00,UTC,65
2023,1,20,00:00,UTC,65
2023,1,20,01:00,UTC,65
2023,1,20,02:00,UTC,65
2023,1,20,03:00,UTC,65
2023,1,20,04:00,UTC,65
2023,1,20,05:00,UTC,65
2023,1,20,06:00,UTC,65
2023,1,20,07:00,UTC,65
2023,1,20,08:00,UTC,65
2023,1,20,09:00,UTC,65
2023,1,20,10:00,UTC,65
2023,1,20,11:00,UTC,65
2023,1,20,12:00,UTC,65
2023,1,20,13:00,UTC,65
2023,1,20,14:00,UTC,65
2023,1,20,15:00,UTC,65
2023,1,20,16:00,UTC,65
2023,1,20,17:00,UTC,64
2023,1,20,18:00,UTC,64
2023,1,20,19:00,UTC,64
2023,1,20,20:00,UTC,64
2023,1,20,21:00,UTC,64
2023,1,20,22:00,UTC,64
2023,1,20,23:00,UTC,64
2023,1,21,00:00,UTC,64
2023,1,21,01:00,UTC,64
2023,1,21,02:00,UTC,64
2023,1,21,03:00,UTC,64
2023,1,21,04:00,UTC,64
2023,1,21,05:00,UTC,64
2023,1,21,06:00,UTC,64
2023,1,21,07:00,UTC,64
2023,1,21,08:00,UTC,64
2023,1,21,09:00,UTC,64
2023,1,21,10:00,UTC,64
2023,1,21,11:00,UTC,64
2023,1,21,12:00,UTC,64
2023,1,21,13:00,UTC,64
2023,1,21,14:00,UTC,64
2023,1,21,15:00,UTC,64
2023,1,21,16:00,UTC,64
2023,1,21,17:00,UTC,64
2023,1,21,18:00,UTC,64
2023,1,21,19:00,UTC,64
2023,1,21,20:00,UTC,64
2023,1,21,21:00,UTC,64
2023,1,21,22:00,UTC,64
2023,1,21,23:00,UTC,64
2023,1,22,00:00,UTC,64
2023,1,22,01:00,UTC,64
2023,1,22,02:00,UTC,64
2023,1,22,03:00,UTC,64
2023,1,22,04:00,UTC,64
2023,1,22,05:00,UTC,64
2023,1,22,06:00,UTC,63
2023,1,22,07:00,UTC,63
2023,1,22,08:00,UTC,63
2023,1,22,09:00,UTC,63
2023,1,22,10:00,UTC,63
2023,1,22,11:00,UTC,62
2023,1,22,12:00,UTC,63
2023,1,22,13:00,UTC,63
2023,1,22,14:00,UTC,63
2023,1,22,15:00,UTC,63
2023,1,22,16:00,UTC,63
2023,1,22,17:00,UTC,63
2023,1,22,18:00,UTC,63
2023,1,22,19:00,UTC,63
2023,1,22,20:00,UTC,63
2023,1,22,21:00,UTC,63
2023,1,22,22:00,UTC,63
2023,1,22,23:00,UTC,63
2023,1,23,00:00,UTC,62
2023,1,23,01:00,UTC,63
2023,1,23,02:00,UTC,63
2023,1,23,03:00,UTC,63
2023,1,23,04:00,UTC,63
2023,1,23,05:00,UTC,63
2023,1,23,06:00,UTC,63
2023,1,23,07:00,UTC,63
2023,1,23,08:00,UTC,63
2023,1,23,09:00,UTC,63
2023,1,23,10:00,UTC,63
2023,1,23,11:00,UTC,63
2023,1,23,12:00,UTC,63
2023,1,23,13:00,UTC,63
2023,1,23,14:00,UTC,63
2023,1,23,15:00,UTC,63
2023,1,23,16:00,UTC,63
2023,1,23,17:00,UTC,63
2023,1,23,18:00,UTC,63
2023,1,23,19:00,UTC,63
2023,1,23,20:00,UTC,63
2023,1,23,21:00,UTC,62
2023,1,23,22:00,UTC,62
2023,1,23,23:00,UTC,62
2023,1,24,00:00,UTC,62
2023,1,24,01:00,UTC,62
2023,1,24,02:00,UTC,62
2023,1,24,03:00,UTC,62
2023,1,24,04:00,UTC,62
2023,1,24,05:00,UTC,62
2023,1,24,06:00,UTC,62
2023,1,24,07:00,UTC,61
2023,1,24,08:00,UTC,61
2023,1,24,09:00,UTC,61
2023,1,24,10:00,UTC,61
2023,1,24,11:00,UTC,61
2023,1,24,12:00,UTC,62
2023,1,24,13:00,UTC,62
2023,1,24,14:00,UTC,62
2023,1,24,15:00,UTC,62
2023,1,24,16:00,UTC,61
2023,1,24,17:00,UTC,62
2023,1,24,18:00,UTC,62
2023,1,24,19:00,UTC,62
2023,1,24,20:00,UTC,62
2023,1,24,21:00,UTC,62
2023,1,24,22:00,UTC,62
2023,1,24,23:00,UTC,62
2023,1,25,00:00,UTC,62
2023,1,25,01:00,UTC,62
2023,1,25,02:00,UTC,62
2023,1,25,03:00,UTC,63
2023,1,25,04:00,UTC,63
2023,1,25,05:00,UTC,63
2023,1,25,06:00,UTC,63
2023,1,25,07:00,UTC,63
2023,1,25,08:00,UTC,63
2023,1,25,09:00,UTC,63
2023,1,25,10:00,UTC,63
2023,1,25,11:00,UTC,63
2023,1,25,12:00,UTC,63
2023,1,25,13:00,UTC,63
2023,1,25,14:00,UTC,63
2023,1,25,15:00,UTC,63
2023,1,25,16:00,UTC,63
2023,1,25,17:00,UTC,63
2023,1,25,18:00,UTC,63
2023,1,25,19:00,UTC,63
2023,1,25,20:00,UTC,63
2023,1,25,21:00,UTC,63
2023,1,25,22:00,UTC,63
2023,1,25,23:00,UTC,63
2023,1,26,00:00,UTC,63
2023,1,26,01:00,UTC,63
2023,1,26,02:00,UTC,63
2023,1,26,03:00,UTC,63
2023,1,26,04:00,UTC,62
2023,1,26,05:00,UTC,62
2023,1,26,06:00,UTC,62
2023,1,26,07:00,UTC,62
2023,1,26,08:00,UTC,62
2023,1,26,09:00,UTC,62
2023,1,26,10:00,UTC,62
2023,1,26,11:00,UTC,62
2023,1,26,12:00,UTC,62
2023,1,26,13:00,UTC,63
2023,1,26,14:00,UTC,62
2023,1,26,15:00,UTC,62
2023,1,26,16:00,UTC,62
2023,1,26,17:00,UTC,62
2023,1,26,18:00,UTC,62
2023,1,26,19:00,UTC,62
2023,1,26,20:00,UTC,62
2023,1,26,21:00,UTC,62
2023,1,26,22:00,UTC,62
2023,1,26,23:00,UTC,62
2023,1,27,00:00,UTC,62
2023,1,27,01:00,UTC,62
2023,1,27,02:00,UTC,62
2023,1,27,03:00,UTC,62
2023,1,27,04:00,UTC,62
2023,1,27,05:00,UTC,62
2023,1,27,06:00,UTC,62
2023,1,27,07:00,UTC,62
2023,1,27,08:00,UTC,62
2023,1,27,09:00,UTC,62
2023,1,27,10:00,UTC,62
2023,1,27,11:00,UTC,62
2023,1,27,12:00,UTC,62
2023,1,27,13:00,UTC,62
2023,1,27,14:00,UTC,62
2023,1,27,15:00,UTC,62
2023,1,27,16:00,UTC,62
2023,1,27,17:00,UTC,62
2023,1,27,18:00,UTC,61
2023,1,27,19:00,UTC,62
2023,1,27,20:00,UTC,62
2023,1,27,21:00,UTC,62
2023,1,27,22:00,UTC,62
2023,1,27,23:00,UTC,62
2023,1,28,00:00,UTC,62
2023,1,28,01:00,UTC,62
2023,1,28,02:00,UTC,62
2023,1,28,03:00,UTC,62
2023,1,28,04:00,UTC,62
2023,1,28,05:00,UTC,62
2023,1,28,06:00,UTC,62
2023,1,28,07:00,UTC,62
2023,1,28,08:00,UTC,64
2023,1,28,09:00,UTC,63
2023,1,28,10:00,UTC,63
2023,1,28,11:00,UTC,63
2023,1,28,12:00,UTC,63
2023,1,28,13:00,UTC,63
2023,1,28,14:00,UTC,63
2023,1,28,15:00,UTC,63
2023,1,28,16:00,UTC,63
2023,1,28,17:00,UTC,63
2023,1,28,18:00,UTC,63
2023,1,28,19:00,UTC,63
2023,1,28,20:00,UTC,63
2023,1,28,21:00,UTC,63
2023,1,28,22:00,UTC,63
2023,1,28,23:00,UTC,63
2023,1,29,00:00,UTC,63
2023,1,29,01:00,UTC,63
2023,1,29,02:00,UTC,63
2023,1,29,03:00,UTC,63
2023,1,29,04:00,UTC,63
2023,1,29,05:00,UTC,63
2023,1,29,06:00,UTC,64
2023,1,29,07:00,UTC,63
2023,1,29,08:00,UTC,63
2023,1,29,09:00,UTC,64
2023,1,29,10:00,UTC,63
2023,1,29,11:00,UTC,63
2023,1,29,12:00,UTC,63
2023,1,29,13:00,UTC,63
2023,1,29,14:00,UTC,63
2023,1,29,15:00,UTC,64
2023,1,29,16:00,UTC,63
2023,1,29,17:00,UTC,63
2023,1,29,18:00,UTC,63
2023,1,29,19:00,UTC,63
2023,1,29,20:00,UTC,63
2023,1,29,21:00,UTC,63
2023,1,29,22:00,UTC,62
2023,1,29,23:00,UTC,62
2023,1,30,00:00,UTC,62
2023,1,30,01:00,UTC,62
2023,1,30,02:00,UTC,62
2023,1,30,03:00,UTC,61
2023,1,30,04:00,UTC,60
2023,1,30,05:00,UTC,63
2023,1,30,06:00,UTC,64
2023,1,30,07:00,UTC,64
2023,1,30,08:00,UTC,64
2023,1,30,09:00,UTC,64
2023,1,30,10:00,UTC,64
2023,1,30,11:00,UTC,64
2023,1,30,12:00,UTC,64
2023,1,30,13:00,UTC,63
2023,1,30,14:00,UTC,64
2023,1,30,15:00,UTC,64
2023,1,30,16:00,UTC,64
2023,1,30,17:00,UTC,64
2023,1,30,18:00,UTC,64
2023,1,30,19:00,UTC,64
2023,1,30,20:00,UTC,64
2023,1,30,21:00,UTC,64
2023,1,30,22:00,UTC,64
2023,1,30,23:00,UTC,64
2023,1,31,00:00,UTC,64
2023,1,31,01:00,UTC,64
2023,1,31,02:00,UTC,64
2023,1,31,03:00,UTC,64
2023,1,31,04:00,UTC,64
2023,1,31,05:00,UTC,64
2023,1,31,06:00,UTC,64
2023,1,31,07:00,UTC,64
2023,1,31,08:00,UTC,64
2023,1,31,09:00,UTC,63
2023,1,31,10:00,UTC,63
2023,1,31,11:00,UTC,63
2023,1,31,12:00,UTC,63
2023,1,31,13:00,UTC,63
2023,1,31,14:00,UTC,63
2023,1,31,15:00,UTC,63
2023,1,31,16:00,UTC,63
2023,1,31,17:00,UTC,63
2023,1,31,18:00,UTC,63
2023,1,31,19:00,UTC,63
2023,1,31,20:00,UTC,63
2023,1,31,21:00,UTC,63
2023,1,31,22:00,UTC,63
2023,1,31,23:00,UTC,64
2023,2,1,00:00,UTC,64
2023,2,1,01:00,UTC,64
2023,2,1,02:00,UTC,64
2023,2,1,03:00,UTC,64
2023,2,1,04:00,UTC,64
2023,2,1,05:00,UTC,64
2023,2,1,06:00,UTC,64
2023,2,1,07:00,UTC,64
2023,2,1,08:00,UTC,64
2023,2,1,09:00,UTC,63
2023,2,1,10:00,UTC,64
2023,2,1,11:00,UTC,65
2023,2,1,12:00,UTC,65
2023,2,1,13:00,UTC,66
2023,2,1,14:00,UTC,66
2023,2,1,15:00,UTC,66
2023,2,1,16:00,UTC,67
2023,2,1,17:00,UTC,67
2023,2,1,18:00,UTC,68
2023,2,1,19:00,UTC,69
2023,2,1,20:00,UTC,68
2023,2,1,21:00,UTC,68
2023,2,1,22:00,UTC,68
2023,2,1,23:00,UTC,69
2023,2,2,00:00,UTC,70
2023,2,2,01:00,UTC,69
2023,2,2,02:00,UTC,69
2023,2,2,03:00,UTC,69
2023,2,2,04:00,UTC,69
2023,2,2,05:00,UTC,69
2023,2,2,06:00,UTC,69
2023,2,2,07:00,UTC,69
2023,2,2,08:00,UTC,69
2023,2,2,09:00,UTC,69
2023,2,2,10:00,UTC,69
2023,2,2,11:00,UTC,68
2023,2,2,12:00,UTC,68
2023,2,2,13:00,UTC,68
2023,2,2,14:00,UTC,68
2023,2,2,15:00,UTC,68
2023,2,2,16:00,UTC,68
2023,2,2,17:00,UTC,68
2023,2,2,18:00,UTC,68
2023,2,2,19:00,UTC,68
2023,2,2,20:00,UTC,68
2023,2,2,21:00,UTC,68
2023,2,2,22:00,UTC,68
2023,2,2,23:00,UTC,68
2023,2,3,00:00,UTC,68
2023,2,3,01:00,UTC,68
2023,2,3,02:00,UTC,68
2023,2,3,03:00,UTC,68
2023,2,3,04:00,UTC,68
2023,2,3,05:00,UTC,68
2023,2,3,06:00,UTC,68
2023,2,3,07:00,UTC,68
2023,2,3,08:00,UTC,68
2023,2,3,09:00,UTC,68
2023,2,3,10:00,UTC,68
2023,2,3,11:00,UTC,68
2023,2,3,12:00,UTC,68
2023,2,3,13:00,UTC,68
2023,2,3,14:00,UTC,68
2023,2,3,15:00,UTC,68
2023,2,3,16:00,UTC,68
2023,2,3,17:00,UTC,68
2023,2,3,18:00,UTC,68
2023,2,3,19:00,UTC,68
2023,2,3,20:00,UTC,68
2023,2,3,21:00,UTC,67
2023,2,3,22:00,UTC,67
2023,2,3,23:00,UTC,67
2023,2,4,00:00,UTC,67
2023,2,4,01:00,UTC,67
2023,2,4,02:00,UTC,68
2023,2,4,03:00,UTC,67
2023,2,4,04:00,UTC,67
2023,2,4,05:00,UTC,67
2023,2,4,06:00,UTC,67
2023,2,4,07:00,UTC,67
2023,2,4,08:00,UTC,68
2023,2,4,09:00,UTC,67
2023,2,4,10:00,UTC,67
2023,2,4,11:00,UTC,67
2023,2,4,12:00,UTC,67
2023,2,4,13:00,UTC,67
2023,2,4,14:00,UTC,67
2023,2,4,15:00,UTC,67
2023,2,4,16:00,UTC,67
2023,2,4,17:00,UTC,67
2023,2,4,18:00,UTC,67
2023,2,4,19:00,UTC,67
2023,2,4,20:00,UTC,67
2023,2,4,21:00,UTC,67
2023,2,4,22:00,UTC,67
2023,2,4,23:00,UTC,67
2023,2,5,00:00,UTC,67
2023,2,5,01:00,UTC,67
2023,2,5,02:00,UTC,67
2023,2,5,03:00,UTC,66
2023,2,5,04:00,UTC,67
2023,2,5,05:00,UTC,67
2023,2,5,06:00,UTC,67
2023,2,5,07:00,UTC,67
2023,2,5,08:00,UTC,67
2023,2,5,09:00,UTC,67
2023,2,5,10:00,UTC,67
2023,2,5,11:00,UTC,66
2023,2,5,12:00,UTC,66
2023,2,5,13:00,UTC,66
2023,2,5,14:00,UTC,66
2023,2,5,15:00,UTC,66
2023,2,5,16:00,UTC,66
2023,2,5,17:00,UTC,66
2023,2,5,18:00,UTC,67
2023,2,5,19:00,UTC,67
2023,2,5,20:00,UTC,67
2023,2,5,21:00,UTC,67
2023,2,5,22:00,UTC,67
2023,2,5,23:00,UTC,67
2023,2,6,00:00,UTC,67
2023,2,6,01:00,UTC,67
2023,2,6,02:00,UTC,67
2023,2,6,03:00,UTC,67
2023,2,6,04:00,UTC,67
2023,2,6,05:00,UTC,67
2023,2,6,06:00,UTC,67
2023,2,6,07:00,UTC,67
2023,2,6,08:00,UTC,67
2023,2,6,09:00,UTC,67
2023,2,6,10:00,UTC,67
2023,2,6,11:00,UTC,67
2023,2,6,12:00,UTC,67
2023,2,6,13:00,UTC,67
2023,2,6,14:00,UTC,67
2023,2,6,15:00,UTC,67
2023,2,6,16:00,UTC,67
2023,2,6,17:00,UTC,67
2023,2,6,18:00,UTC,67
2023,2,6,19:00,UTC,67
2023,2,6,20:00,UTC,67
2023,2,6,21:00,UTC,67
2023,2,6,22:00,UTC,66
2023,2,6,23:00,UTC,66
2023,2,7,00:00,UTC,66
2023,2,7,01:00,UTC,66
2023,2,7,02:00,UTC,66
2023,2,7,03:00,UTC,66
2023,2,7,04:00,UTC,66
2023,2,7,05:00,UTC,66
2023,2,7,06:00,UTC,66
2023,2,7,07:00,UTC,66
2023,2,7,08:00,UTC,66
2023,2,7,09:00,UTC,66
2023,2,7,10:00,UTC,66
2023,2,7,11:00,UTC,66
2023,2,7,12:00,UTC,66
2023,2,7,13:00,UTC,66
2023,2,7,14:00,UTC,66
2023,2,7,15:00,UTC,65
2023,2,7,16:00,UTC,66
2023,2,7,17:00,UTC,65
2023,2,7,18:00,UTC,66
2023,2,7,19:00,UTC,65
2023,2,7,20:00,UTC,65
2023,2,7,21:00,UTC,65
2023,2,7,22:00,UTC,65
2023,2,7,23:00,UTC,65
2023,2,8,00:00,UTC,65
2023,2,8,01:00,UTC,65
2023,2,8,02:00,UTC,65
2023,2,8,03:00,UTC,65
2023,2,8,04:00,UTC,65
2023,2,8,05:00,UTC,65
2023,2,8,06:00,UTC,65
2023,2,8,07:00,UTC,65
2023,2,8,08:00,UTC,65
2023,2,8,09:00,UTC,65
2023,2,8,10:00,UTC,65
2023,2,8,11:00,UTC,65
2023,2,8,12:00,UTC,65
2023,2,8,13:00,UTC,65
2023,2,8,14:00,UTC,65
2023,2,8,15:00,UTC,65
2023,2,8,16:00,UTC,65
2023,2,8,17:00,UTC,64
2023,2,8,18:00,UTC,64
2023,2,8,19:00,UTC,64
2023,2,8,20:00,UTC,64
2023,2,8,21:00,UTC,64
2023,2,8,22:00,UTC,64
2023,2,8,23:00,UTC,64
2023,2,9,00:00,UTC,64
2023,2,9,01:00,UTC,64
2023,2,9,02:00,UTC,65
2023,2,9,03:00,UTC,64
2023,2,9,04:00,UTC,64
2023,2,9,05:00,UTC,64
2023,2,9,06:00,UTC,64
2023,2,9,07:00,UTC,64
2023,2,9,08:00,UTC,65
2023,2,9,09:00,UTC,65
2023,2,9,10:00,UTC,65
2023,2,9,11:00,UTC,65
2023,2,9,12:00,UTC,66
2023,2,9,13:00,UTC,66
2023,2,9,14:00,UTC,66
2023,2,9,15:00,UTC,66
2023,2,9,16:00,UTC,66
2023,2,9,17:00,UTC,66
2023,2,9,18:00,UTC,66
2023,2,9,19:00,UTC,66
2023,2,9,20:00,UTC,66
2023,2,9,21:00,UTC,66
2023,2,9,22:00,UTC,65
2023,2,9,23:00,UTC,65
2023,2,10,00:00,UTC,65
2023,2,10,01:00,UTC,65
2023,2,10,02:00,UTC,65
2023,2,10,03:00,UTC,65
2023,2,10,04:00,UTC,65
2023,2,10,05:00,UTC,65
2023,2,10,06:00,UTC,65
2023,2,10,07:00,UTC,65
2023,2,10,08:00,UTC,65
2023,2,10,09:00,UTC,65
2023,2,10,10:00,UTC,65
2023,2,10,11:00,UTC,65
2023,2,10,12:00,UTC,65
2023,2,10,13:00,UTC,65
2023,2,10,14:00,UTC,65
2023,2,10,15:00,UTC,65
2023,2,10,16:00,UTC,65
2023,2,10,17:00,UTC,65
2023,2,10,18:00,UTC,65
2023,2,10,19:00,UTC,64
2023,2,10,20:00,UTC,64
2023,2,10,21:00,UTC,65
2023,2,10,22:00,UTC,65
2023,2,10,23:00,UTC,65
2023,2,11,00:00,UTC,64
2023,2,11,01:00,UTC,65
2023,2,11,02:00,UTC,65
2023,2,11,03:00,UTC,65
2023,2,11,04:00,UTC,64
2023,2,11,05:00,UTC,64
2023,2,11,06:00,UTC,64
2023,2,11,07:00,UTC,64
2023,2,11,08:00,UTC,64
2023,2,11,09:00,UTC,65
2023,2,11,10:00,UTC,65
2023,2,11,11:00,UTC,65
2023,2,11,12:00,UTC,65
2023,2,11,13:00,UTC,65
2023,2,11,14:00,UTC,65
2023,2,11,15:00,UTC,65
2023,2,11,16:00,UTC,65
2023,2,11,17:00,UTC,65
2023,2,11,18:00,UTC,65
2023,2,11,19:00,UTC,65
2023,2,11,20:00,UTC,65
2023,2,11,21:00,UTC,65
2023,2,11,22:00,UTC,65
2023,2,11,23:00,UTC,65
2023,2,12,00:00,UTC,65
2023,2,12,01:00,UTC,65
2023,2,12,02:00,UTC,65
2023,2,12,03:00,UTC,65
2023,2,12,04:00,UTC,65
2023,2,12,05:00,UTC,64
2023,2,12,06:00,UTC,65
2023,2,12,07:00,UTC,64
2023,2,12,08:00,UTC,64
2023,2,12,09:00,UTC,66
2023,2,12,10:00,UTC,66
2023,2,12,11:00,UTC,66
2023,2,12,12:00,UTC,66
2023,2,12,13:00,UTC,66
2023,2,12,14:00,UTC,66
2023,2,12,15:00,UTC,66
2023,2,12,16:00,UTC,66
2023,2,12,17:00,UTC,66
2023,2,12,18:00,UTC,66
2023,2,12,19:00,UTC,66
2023,2,12,20:00,UTC,66
2023,2,12,21:00,UTC,66
2023,2,12,22:00,UTC,66
2023,2,12,23:00,UTC,66
2023,2,13,00:00,UTC,66
2023,2,13,01:00,UTC,66
2023,2,13,02:00,UTC,66
2023,2,13,03:00,UTC,66
2023,2,13,04:00,UTC,66
2023,2,13,05:00,UTC,66
2023,2,13,06:00,UTC,66
2023,2,13,07:00,UTC,66
2023,2,13,08:00,UTC,66
2023,2,13,09:00,UTC,66
2023,2,13,10:00,UTC,66
2023,2,13,11:00,UTC,66
2023,2,13,12:00,UTC,66
2023,2,13,13:00,UTC,66
2023,2,13,14:00,UTC,66
2023,2,13,15:00,UTC,66
2023,2,13,16:00,UTC,66
2023,2,13,17:00,UTC,66
2023,2,13,18:00,UTC,66
2023,2,13,19:00,UTC,66
2023,2,13,20:00,UTC,66
2023,2,13,21:00,UTC,66
2023,2,13,22:00,UTC,66
2023,2,13,23:00,UTC,66
2023,2,14,00:00,UTC,66
2023,2,14,01:00,UTC,66
2023,2,14,02:00,UTC,66
2023,2,14,03:00,UTC,66
2023,2,14,04:00,UTC,66
2023,2,14,05:00,UTC,66
2023,2,14,06:00,UTC,66
2023,2,14,07:00,UTC,66
2023,2,14,08:00,UTC,65
2023,2,14,09:00,UTC,65
2023,2,14,10:00,UTC,65
2023,2,14,11:00,UTC,65
2023,2,14,12:00,UTC,65
2023,2,14,13:00,UTC,65
2023,2,14,14:00,UTC,65
2023,2,14,15:00,UTC,65
2023,2,14,16:00,UTC,65
2023,2,14,17:00,UTC,65
2023,2,14,18:00,UTC,65
2023,2,14,19:00,UTC,65
2023,2,14,20:00,UTC,64
2023,2,14,21:00,UTC,64
2023,2,14,22:00,UTC,64
2023,2,14,23:00,UTC,65
2023,2,15,00:00,UTC,65
2023,2,15,01:00,UTC,65
2023,2,15,02:00,UTC,65
2023,2,15,03:00,UTC,65
2023,2,15,04:00,UTC,65
2023,2,15,05:00,UTC,65
2023,2,15,06:00,UTC,65
2023,2,15,07:00,UTC,65
2023,2,15,08:00,UTC,65
2023,2,15,09:00,UTC,65
2023,2,15,10:00,UTC,65
2023,2,15,11:00,UTC,65
2023,2,15,12:00,UTC,65
2023,2,15,13:00,UTC,65
2023,2,15,14:00,UTC,65
2023,2,15,15:00,UTC,65
2023,2,15,16:00,UTC,65
2023,2,15,17:00,UTC,65
2023,2,15,18:00,UTC,65
2023,2,15,19:00,UTC,65
2023,2,15,20:00,UTC,65
2023,2,15,21:00,UTC,65
2023,2,15,22:00,UTC,65
2023,2,15,23:00,UTC,65
2023,2,16,00:00,UTC,65
2023,2,16,01:00,UTC,65
2023,2,16,02:00,UTC,65
2023,2,16,03:00,UTC,65
2023,2,16,04:00,UTC,66
2023,2,16,05:00,UTC,67
2023,2,16,06:00,UTC,67
2023,2,16,07:00,UTC,67
2023,2,16,08:00,UTC,67
2023,2,16,09:00,UTC,67
2023,2,16,10:00,UTC,67
2023,2,16,11:00,UTC,67
2023,2,16,12:00,UTC,67
2023,2,16,13:00,UTC,67
2023,2,16,14:00,UTC,67
2023,2,16,15:00,UTC,67
2023,2,16,16:00,UTC,67
2023,2,16,17:00,UTC,67
2023,2,16,18:00,UTC,66
2023,2,16,19:00,UTC,67
2023,2,16,20:00,UTC,68
2023,2,16,21:00,UTC,68
2023,2,16,22:00,UTC,68
2023,2,16,23:00,UTC,68
2023,2,17,00:00,UTC,67
2023,2,17,01:00,UTC,68
2023,2,17,02:00,UTC,68
2023,2,17,03:00,UTC,68
2023,2,17,04:00,UTC,68
2023,2,17,05:00,UTC,68
2023,2,17,06:00,UTC,68
2023,2,17,07:00,UTC,68
2023,2,17,08:00,UTC,68
2023,2,17,09:00,UTC,68
2023,2,17,10:00,UTC,68
2023,2,17,11:00,UTC,68
2023,2,17,12:00,UTC,68
2023,2,17,13:00,UTC,68
2023,2,17,14:00,UTC,68
2023,2,17,15:00,UTC,68
2023,2,17,16:00,UTC,68
2023,2,17,17:00,UTC,68
2023,2,17,18:00,UTC,68
2023,2,17,19:00,UTC,68
2023,2,17,20:00,UTC,67
2023,2,17,21:00,UTC,68
2023,2,17,22:00,UTC,68
2023,2,17,23:00,UTC,68
2023,2,18,00:00,UTC,68
2023,2,18,01:00,UTC,68
2023,2,18,02:00,UTC,68
2023,2,18,03:00,UTC,68
2023,2,18,04:00,UTC,68
2023,2,18,05:00,UTC,68
2023,2,18,06:00,UTC,68
2023,2,18,07:00,UTC,68
2023,2,18,08:00,UTC,68
2023,2,18,09:00,UTC,68
2023,2,18,10:00,UTC,68
2023,2,18,11:00,UTC,68
2023,2,18,12:00,UTC,68
2023,2,18,13:00,UTC,68
2023,2,18,14:00,UTC,68
2023,2,18,15:00,UTC,69
2023,2,18,16:00,UTC,69
2023,2,18,17:00,UTC,69
2023,2,18,18:00,UTC,69
2023,2,18,19:00,UTC,69
2023,2,18,20:00,UTC,69
2023,2,18,21:00,UTC,69
2023,2,18,22:00,UTC,69
2023,2,18,23:00,UTC,69
2023,2,19,00:00,UTC,69
2023,2,19,01:00,UTC,69
2023,2,19,02:00,UTC,68
2023,2,19,03:00,UTC,71
2023,2,19,04:00,UTC,71
2023,2,19,05:00,UTC,71
2023,2,19,06:00,UTC,72
2023,2,19,07:00,UTC,72
2023,2,19,08:00,UTC,72
2023,2,19,09:00,UTC,72
2023,2,19,10:00,UTC,71
2023,2,19,11:00,UTC,70
2023,2,19,12:00,UTC,72
2023,2,19,13:00,UTC,72
2023,2,19,14:00,UTC,73
2023,2,19,15:00,UTC,70
2023,2,19,16:00,UTC,73
2023,2,19,17:00,UTC,72
2023,2,19,18:00,UTC,74
2023,2,19,19:00,UTC,73
2023,2,19,20:00,UTC,75
2023,2,19,21:00,UTC,75
2023,2,19,22:00,UTC,75
2023,2,19,23:00,UTC,75
2023,2,20,00:00,UTC,75
2023,2,20,01:00,UTC,76
2023,2,20,02:00,UTC,76
2023,2,20,03:00,UTC,76
2023,2,20,04:00,UTC,75
2023,2,20,05:00,UTC,76
2023,2,20,06:00,UTC,77
2023,2,20,07:00,UTC,77
2023,2,20,08:00,UTC,77
2023,2,20,09:00,UTC,77
2023,2,20,10:00,UTC,77
2023,2,20,11:00,UTC,77
2023,2,20,12:00,UTC,77
2023,2,20,13:00,UTC,77
2023,2,20,14:00,UTC,77
2023,2,20,15:00,UTC,77
2023,2,20,16:00,UTC,77
2023,2,20,17:00,UTC,77
2023,2,20,18:00,UTC,77
2023,2,20,19:00,UTC,75
2023,2,20,20:00,UTC,77
2023,2,20,21:00,UTC,77
2023,2,20,22:00,UTC,77
2023,2,20,23:00,UTC,76
2023,2,21,00:00,UTC,76
2023,2,21,01:00,UTC,77
2023,2,21,02:00,UTC,77
2023,2,21,03:00,UTC,77
2023,2,21,04:00,UTC,77
2023,2,21,05:00,UTC,76
2023,2,21,06:00,UTC,77
2023,2,21,07:00,UTC,77
2023,2,21,08:00,UTC,77
2023,2,21,09:00,UTC,76
2023,2,21,10:00,UTC,76
2023,2,21,11:00,UTC,77
2023,2,21,12:00,UTC,77
2023,2,21,13:00,UTC,77
2023,2,21,14:00,UTC,76
2023,2,21,15:00,UTC,76
2023,2,21,16:00,UTC,76
2023,2,21,17:00,UTC,76
2023,2,21,18:00,UTC,76
2023,2,21,19:00,UTC,76
2023,2,21,20:00,UTC,76
2023,2,21,21:00,UTC,76
2023,2,21,22:00,UTC,76
2023,2,21,23:00,UTC,76
2023,2,22,00:00,UTC,76
2023,2,22,01:00,UTC,76
2023,2,22,02:00,UTC,76
2023,2,22,03:00,UTC,76
2023,2,22,04:00,UTC,76
2023,2,22,05:00,UTC,76
2023,2,22,06:00,UTC,76
2023,2,22,07:00,UTC,76
2023,2,22,08:00,UTC,76
2023,2,22,09:00,UTC,76
2023,2,22,10:00,UTC,75
2023,2,22,11:00,UTC,76
2023,2,22,12:00,UTC,76
2023,2,22,13:00,UTC,76
2023,2,22,14:00,UTC,75
2023,2,22,15:00,UTC,75
2023,2,22,16:00,UTC,75
2023,2,22,17:00,UTC,75
2023,2,22,18:00,UTC,75
2023,2,22,19:00,UTC,75
2023,2,22,20:00,UTC,75
2023,2,22,21:00,UTC,75
2023,2,22,22:00,UTC,75
2023,2,22,23:00,UTC,75
2023,2,23,00:00,UTC,75
2023,2,23,01:00,UTC,75
2023,2,23,02:00,UTC,75
2023,2,23,03:00,UTC,75
2023,2,23,04:00,UTC,75
2023,2,23,05:00,UTC,75
2023,2,23,06:00,UTC,76
2023,2,23,07:00,UTC,76
2023,2,23,08:00,UTC,76
2023,2,23,09:00,UTC,77
2023,2,23,10:00,UTC,77
2023,2,23,11:00,UTC,77
2023,2,23,12:00,UTC,77
2023,2,23,13:00,UTC,78
2023,2,23,14:00,UTC,78
2023,2,23,15:00,UTC,78
2023,2,23,16:00,UTC,78
2023,2,23,17:00,UTC,78
2023,2,23,18:00,UTC,78
2023,2,23,19:00,UTC,78
2023,2,23,20:00,UTC,78
2023,2,23,21:00,UTC,77
2023,2,23,22:00,UTC,77
2023,2,23,23:00,UTC,78
2023,2,24,00:00,UTC,77
2023,2,24,01:00,UTC,77
2023,2,24,02:00,UTC,78
2023,2,24,03:00,UTC,78
2023,2,24,04:00,UTC,78
2023,2,24,05:00,UTC,78
2023,2,24,06:00,UTC,78
2023,2,24,07:00,UTC,78
2023,2,24,08:00,UTC,78
2023,2,24,09:00,UTC,77
2023,2,24,10:00,UTC,77
2023,2,24,11:00,UTC,77
2023,2,24,12:00,UTC,77
2023,2,24,13:00,UTC,77
2023,2,24,14:00,UTC,77
2023,2,24,15:00,UTC,77
2023,2,24,16:00,UTC,77
2023,2,24,17:00,UTC,77
2023,2,24,18:00,UTC,77
2023,2,24,19:00,UTC,77
2023,2,24,20:00,UTC,77
2023,2,24,21:00,UTC,77
2023,2,24,22:00,UTC,77
2023,2,24,23:00,UTC,77
2023,2,25,00:00,UTC,77
2023,2,25,01:00,UTC,77
2023,2,25,02:00,UTC,77
2023,2,25,03:00,UTC,77
2023,2,25,04:00,UTC,77
2023,2,25,05:00,UTC,76
2023,2,25,06:00,UTC,76
2023,2,25,07:00,UTC,77
2023,2,25,08:00,UTC,76
2023,2,25,09:00,UTC,76
2023,2,25,10:00,UTC,76
2023,2,25,11:00,UTC,77
2023,2,25,12:00,UTC,77
2023,2,25,13:00,UTC,76
2023,2,25,14:00,UTC,76
2023,2,25,15:00,UTC,76
2023,2,25,16:00,UTC,76
2023,2,25,17:00,UTC,76
2023,2,25,18:00,UTC,76
2023,2,25,19:00,UTC,76
2023,2,25,20:00,UTC,76
2023,2,25,21:00,UTC,76
2023,2,25,22:00,UTC,76
2023,2,25,23:00,UTC,76
2023,2,26,00:00,UTC,77
2023,2,26,01:00,UTC,77
2023,2,26,02:00,UTC,77
2023,2,26,03:00,UTC,76
2023,2,26,04:00,UTC,76
2023,2,26,05:00,UTC,76
2023,2,26,06:00,UTC,76
2023,2,26,07:00,UTC,76
2023,2,26,08:00,UTC,76
2023,2,26,09:00,UTC,76
2023,2,26,10:00,UTC,76
2023,2,26,11:00,UTC,76
2023,2,26,12:00,UTC,76
2023,2,26,13:00,UTC,76
2023,2,26,14:00,UTC,76
2023,2,26,15:00,UTC,76
2023,2,26,16:00,UTC,76
2023,2,26,17:00,UTC,76
2023,2,26,18:00,UTC,76
2023,2,26,19:00,UTC,76
2023,2,26,20:00,UTC,76
2023,2,26,21:00,UTC,76
2023,2,26,22:00,UTC,76
2023,2,26,23:00,UTC,76
2023,2,27,00:00,UTC,76
2023,2,27,01:00,UTC,76
2023,2,27,02:00,UTC,75
2023,2,27,03:00,UTC,75
2023,2,27,04:00,UTC,75
2023,2,27,05:00,UTC,75
2023,2,27,06:00,UTC,75
2023,2,27,07:00,UTC,75
2023,2,27,08:00,UTC,75
2023,2,27,09:00,UTC,75
2023,2,27,10:00,UTC,75
2023,2,27,11:00,UTC,75
2023,2,27,12:00,UTC,75
2023,2,27,13:00,UTC,75
2023,2,27,14:00,UTC,75
2023,2,27,15:00,UTC,75
2023,2,27,16:00,UTC,75
2023,2,27,17:00,UTC,75
2023,2,27,18:00,UTC,75
2023,2,27,19:00,UTC,75
2023,2,27,20:00,UTC,75
2023,2,27,21:00,UTC,75
2023,2,27,22:00,UTC,75
2023,2,27,23:00,UTC,75
2023,2,28,00:00,UTC,75
2023,2,28,01:00,UTC,75
2023,2,28,02:00,UTC,75
2023,2,28,03:00,UTC,75
2023,2,28,04:00,UTC,75
2023,2,28,05:00,UTC,75
2023,2,28,06:00,UTC,75
2023,2,28,07:00,UTC,75
2023,2,28,08:00,UTC,75
2023,2,28,09:00,UTC,75
2023,2,28,10:00,UTC,75
2023,2,28,11:00,UTC,75
2023,2,28,12:00,UTC,75
2023,2,28,13:00,UTC,75
2023,2,28,14:00,UTC,75
2023,2,28,15:00,UTC,75
2023,2,28,16:00,UTC,75
2023,2,28,17:00,UTC,75
2023,2,28,18:00,UTC,75
2023,2,28,19:00,UTC,75
2023,2,28,20:00,UTC,75
2023,2,28,21:00,UTC,75
2023,2,28,22:00,UTC,75
2023,2,28,23:00,UTC,74
2023,3,1,00:00,UTC,75
2023,3,1,01:00,UTC,74
2023,3,1,02:00,UTC,75
2023,3,1,03:00,UTC,74
2023,3,1,04:00,UTC,75
2023,3,1,05:00,UTC,74
2023,3,1,06:00,UTC,74
2023,3,1,07:00,UTC,74
2023,3,1,08:00,UTC,74
2023,3,1,09:00,UTC,74
2023,3,1,10:00,UTC,74
2023,3,1,11:00,UTC,74
2023,3,1,12:00,UTC,74
2023,3,1,13:00,UTC,74
2023,3,1,14:00,UTC,74
2023,3,1,15:00,UTC,74
2023,3,1,16:00,UTC,74
2023,3,1,17:00,UTC,74
2023,3,1,18:00,UTC,74
2023,3,1,19:00,UTC,74
2023,3,1,20:00,UTC,74
2023,3,1,21:00,UTC,74
2023,3,1,22:00,UTC,74
2023,3,1,23:00,UTC,74
2023,3,2,00:00,UTC,74